date,signal_date,evidence_basis,status,placed_mw,awarded_mw,fill_rate,modeled_pnl,always_clear_modeled_pnl,limit_increment_modeled_pnl,cumulative_modeled_pnl,modeled_pnl_drawdown,decision_proof_id,settlement_proof_id,placed_physical_mwh,awarded_physical_mwh,gross_modeled_pnl,modeled_costs,execution_version,proof_id
2026-01-01,2025-12-31,retrospective_reconstruction,settled,800,731,0.91375,-1706.94,-2322.67,615.73,-1706.94,-1706.94,b5724baca67256953fd9aaa58f38b95e8df2ddae10ec9154f15ce55f7eb2f7e7,75874c02faa68d2a983e680f3f6c917708760e767fa8aefe92839f84a577f356,800,731,-1706.94,0,paper-limit-strict-awarded-fee-v1,ec9f1cf8658761ee2e61829781e53e1264caf351e0f81e8bb30cb22570b2c3e7
2026-01-02,2026-01-01,retrospective_reconstruction,settled,800,789,0.98625,10705.1975,10791.7325,-86.535,8998.2575,0,97c18b83ed27e663721cadde571e82c51325bb251c9af5bb3514a05719d2e323,bc4dbe2a14e30824f05d2bcee82403ed532434178f29a74169ea4bb1b25df36b,800,789,10705.1975,0,paper-limit-strict-awarded-fee-v1,8547292f84aac553431beda2e6085dc9f4f311f9b5fc6da52d90486193768d6c
2026-01-03,2026-01-02,retrospective_reconstruction,settled,800,699,0.87375,761.6825,1447.535,-685.8525,9759.94,0,d6e06324bd5e428d66f1151c2bede4e65b9cffde5fae5ed949e3770b1cad8d49,9a4a1a2db91d3ab7b3fb63b255df9b72b4d6ffd27cc8b0dfd7ddc581b7279c02,800,699,761.6825,0,paper-limit-strict-awarded-fee-v1,8426982b8b90929b402900c165902c88ba2f3778a9c4dc6f6b2d060f1e3ea9ff
2026-01-04,2026-01-03,retrospective_reconstruction,settled,800,614,0.7675,2282.9675,2376.16,-93.1925,12042.9075,0,fb17deb56b7734691b539cea0c8c10d89c877ea389585a3042b2a2dbd2d99819,034293c86d40473f9fd37fb1c257c88d0508e6932c7e43f149e8739a06dfbe30,800,614,2282.9675,0,paper-limit-strict-awarded-fee-v1,81b303e36684f4625ae3a5cabc013ab1f2ff1ab234e44693b02911d64041e547
2026-01-05,2026-01-04,retrospective_reconstruction,settled,800,745,0.93125,-18908.44,-18984.3875,75.9475,-6865.5325,-18908.44,b9cff64c1743799c6416887f3153688dcf93c77465266f8d3a6224ba6616229f,3536acc0e0eaf619e3a6c6e0fd79593f246b0fbde978404c9dd00df60505adc0,800,745,-18908.44,0,paper-limit-strict-awarded-fee-v1,198cd1c3b8f81497983628d3d477ae6a751bdb2c350e0ed78906fb9d7d7446fa
2026-01-06,2026-01-05,retrospective_reconstruction,settled,800,800,1,16169.805,16169.805,0,9304.2725,-2738.635,d163c78c4a8b5fdaeb676ad5756ed57b6d630b6c09f4d164ed7df9aac5420df6,c5c33fbac1d5cc8249ede6bb4ee8cab6b11b1503b19a30ce7db80d2a2b33f218,800,800,16169.805,0,paper-limit-strict-awarded-fee-v1,3a819fe8dfc057e1f3a3a38b604e9df2c1175914eec059f8435149298a956122
2026-01-07,2026-01-06,retrospective_reconstruction,settled,160,160,1,-1752.4275,-1752.4275,0,7551.845,-4491.0625,29f3041f3334a2e797e4fd07df4b8142f6c4b5a6cc3aa9f65906e5e8e5977053,74f7aa265f054c075e95224656b5cb6b80dcb19686fe79e1dd90e37e9bd96dd4,160,160,-1752.4275,0,paper-limit-strict-awarded-fee-v1,a307dc5223833ed800163b4c897e87413ae0c8f98cf0a1176c6283ce1bb98f51
2026-01-08,2026-01-07,retrospective_reconstruction,settled,800,700,0.875,-16228.575,-15570.0075,-658.5675,-8676.73,-20719.6375,c230fe28c1986d55c8bf133d0f20e7146e9821879194fc754dd9af45cfc1f64e,6fb6d69859a55e0c50b6b5c16d756c985d8798860a54bb8b4490a0d4eaa9296e,800,700,-16228.575,0,paper-limit-strict-awarded-fee-v1,4b06a6fc51f52479b202821fe6382af2e1c3dc8f8f39f28115c45b740a15881a
2026-01-09,2026-01-08,retrospective_reconstruction,settled,800,791,0.98875,14308.675,14426.125,-117.45,5631.945,-6410.9625,ce3ea8539af3dbc4d5763df0877624dc89cbbf78f9db6e429d8d3841b8839b18,e9d35fc24fd61c1c0811578de2897d0b7739e4cff45b684d94889c4282126cee,800,791,14308.675,0,paper-limit-strict-awarded-fee-v1,dd244caf267fa179a18c463179e0c4a8815fa4477c438325155cf2866ee05bac
2026-01-10,2026-01-09,retrospective_reconstruction,settled,800,700,0.875,12567.7875,13334.6875,-766.9,18199.7325,0,7d1f149f37e5d98aa932e79b0cc299c33c4f114a8ed363c885128ef9c22644d1,eec6e566f218e9b3128be999890e235a0479cd4156f03395ae8be734b59cbc35,800,700,12567.7875,0,paper-limit-strict-awarded-fee-v1,629c43daab71dd3a30f4b84e3e522a3c9d2c0fc35670915debb35d802aab4d2e
2026-01-11,2026-01-10,retrospective_reconstruction,settled,160,160,1,-5238.4325,-5238.4325,0,12961.3,-5238.4325,beb9cd0eb9d3d3fe86b692528723481f0bda99be25922edc92f816888931793b,4e1f5927d804f254a426ff7847023bbb959e74778d7dbff27706df49feefa2de,160,160,-5238.4325,0,paper-limit-strict-awarded-fee-v1,d68724ba2e62a4fc107ae9c0764491e5d17b899044bd73ef900d546cec84fd3c
2026-01-12,2026-01-11,retrospective_reconstruction,settled,800,799,0.99875,-705.9025,-693.065,-12.8375,12255.3975,-5944.335,e8419ee80ccb0a67d233949edeefd8e5d6f839d07ebbc699d0b983c60e2d1b38,1f50edf46a17bb89cb40bc96f97256bbaa6e9ba9573ca95ff969b5e06cb1e4de,800,799,-705.9025,0,paper-limit-strict-awarded-fee-v1,8a6573499fd3ed414ea496ab2b473d038b05a97c3397585ec1560b98410bd060
2026-01-13,2026-01-12,retrospective_reconstruction,settled,800,800,1,-5392.1075,-5392.1075,0,6863.29,-11336.4425,ffe081015fd13c73a8500b63f85691617d4e0c519f7231c4b173a298de97ad14,fec8caa53872e36dc53b8b315febee1c8d7d1097e5ce8de5d078986f0fcfbffd,800,800,-5392.1075,0,paper-limit-strict-awarded-fee-v1,5201d313ffd2d24f356b790a599ecab096b98f88cb1a718ebc0a9f2e24ea5ad6
2026-01-14,2026-01-13,retrospective_reconstruction,settled,800,779,0.97375,-11995.16,-11890.0575,-105.1025,-5131.87,-23331.6025,36fdbce5d0079cbf33c8aecbfa2d7baada4e564d0d4cf9d96c089519b68f12cf,cb3fe5701ce441ff14aa78c67d03602f123d2015b6c0dc4cfcc3362a4856c4ab,800,779,-11995.16,0,paper-limit-strict-awarded-fee-v1,0ed3f277a13753a47ecdad0ddb87f10b20327a3512a9c5fb6224ca33ebc1d93c
2026-01-15,2026-01-14,retrospective_reconstruction,settled,800,697,0.87125,16411.8925,15891.165,520.7275,11280.0225,-6919.71,76cc841b2324ff634f2b8abd735dee378cb16fc826d97a9fa0dd5e2c4a8b2ab2,3a9088a023f0c5cf1f5f3c817145bac4c2357bf4e1c0ff73f18e9ab79dd841a9,800,697,16411.8925,0,paper-limit-strict-awarded-fee-v1,7d61ba46d590e7f45a9f59134192f2b006a01149a9d632938eb771bbfb907f34
2026-01-16,2026-01-15,retrospective_reconstruction,settled,800,795,0.99375,12862.4925,12742.3825,120.11,24142.515,0,99fc037e6c558e4748473491ac219b5efdd6b3b21d4e5ec4e00ae2c9bd9a2922,fbe8e263026b4743cb32f14b83d360d2bc52305aff6e341899806592e48d3c64,800,795,12862.4925,0,paper-limit-strict-awarded-fee-v1,dd941cf048eef65f6e0ea657d6b5ba9b6c5f4187f502c7bdf07e82c49b607e01
2026-01-17,2026-01-16,retrospective_reconstruction,settled,800,777,0.97125,2711.8,2678.64,33.16,26854.315,0,1b39e70ab2d1532eb5540761fc296db966783c5e56cd1d72b67049a25c8cc039,f795467beec2ae73e05be86e682d55c61fa969db612c2ad3f5aa60cd1baf58a3,800,777,2711.8,0,paper-limit-strict-awarded-fee-v1,fe9bbeeb4fab89b5f7b212df453d25401bd037158813b07cf841449ad3411ee4
2026-01-18,2026-01-17,retrospective_reconstruction,settled,800,772,0.965,9721.5975,9974.5725,-252.975,36575.9125,0,a74607cb5887dc228de5407372c33ae3964e3267b4e61d18c9c9e403e3aab393,da531108e4d2627d580b83da7558607a2bbf42b43bce00ced069da9f7d9fbd46,800,772,9721.5975,0,paper-limit-strict-awarded-fee-v1,b3f4e79200e3e0a5cfa604b5b23f15f7f560f47d8d74782cd26e27e5ea435dfe
2026-01-19,2026-01-18,retrospective_reconstruction,settled,800,696,0.87,2774.8925,2553.37,221.5225,39350.805,0,bcee594be2bd032993e366fb68e1266d6d9a8fe511166917baaff84307188320,c4536788a0ddf2ff631b3ca9e711072ae90c70029bb80c7dc279cc92d12540d8,800,696,2774.8925,0,paper-limit-strict-awarded-fee-v1,588fbe7e6726c56cc02c99ea12b65ec21bba705e1cc33293de644d4733bcbc42
2026-01-20,2026-01-19,retrospective_reconstruction,settled,800,781,0.97625,16421.93,16500.9225,-78.9925,55772.735,0,c9de11e94860091f25e5026a2da4218edc7f46e67270364fe7c0bfc739065eef,3a05a667d39656c17f60c0f403622225cf04795e5f2f1f09c26d4b2da9b0c043,800,781,16421.93,0,paper-limit-strict-awarded-fee-v1,a4f899abe2ea3e1dcfd6cca7653b4a39e2706c1437fdbe7557c5384585a03aa6
2026-01-21,2026-01-20,retrospective_reconstruction,settled,160,160,1,1615.8425,1615.8425,0,57388.5775,0,2975149a078e61609cff074c7bb5524aed0bb119c65e281aff2204b53642990e,a3b17f2f6b895a4654f35aec002ef837e86ec987dde25bada079492e0e9f57cb,160,160,1615.8425,0,paper-limit-strict-awarded-fee-v1,dd29efafe03343f73b0f1f37faeecd2b4d0e0ebca013bb1878228e7673cb20f6
2026-01-22,2026-01-21,retrospective_reconstruction,settled,800,772,0.965,5107.625,4080.7375,1026.8875,62496.2025,0,c8ce7d5584337c22f7396d79bf1a34e81c8bab99eca227cb2651e1bb23273ed6,1d689629a87a551e4f280fbfed615c4d402ff36f814f43fe31875796ea8a3681,800,772,5107.625,0,paper-limit-strict-awarded-fee-v1,600713588bd7d609f89c38b8bd70e2255d8391e7d2aa176e8c2ed1a99a963844
2026-01-23,2026-01-22,retrospective_reconstruction,settled,800,798,0.9975,4766.2925,4782.005,-15.7125,67262.495,0,d4a08365b3fd1410c322b8eb3926bfce61cfdd2e7df334b74a1757edce48d906,94354ed7118477baeac9e95c5607534ec43149bf5d64b33ebcfb8f2653905f94,800,798,4766.2925,0,paper-limit-strict-awarded-fee-v1,f5494ccd469dc84d58843cb9b458c2fde295de3117b7665b96b4666af3ecf88f
2026-01-24,2026-01-23,retrospective_reconstruction,settled,160,154,0.9625,11908.78,11957.1,-48.32,79171.275,0,63cb80e7bbb2c5b1410e8947d788c94e7a45499c851b9b30ec30021dbf121ad7,b6f90b2225e7466605fb764d74dd71b1f46f58c478bf900cc0542f9a3599e2be,160,154,11908.78,0,paper-limit-strict-awarded-fee-v1,f2da63257b69a220dee372f3d44dc54fee755b3551a0b0f807169f0ceeff6593
2026-01-25,2026-01-24,retrospective_reconstruction,settled,160,160,1,22774.325,22774.325,0,101945.6,0,57885a470e911190f045a28dff16710ad18702c32230aa5ed7e48806f79a9aed,116b22c4ef63e7124cdd94f80d29a0233a04fb24dce694438b2957cb31619247,160,160,22774.325,0,paper-limit-strict-awarded-fee-v1,5a0dd5c20b65a392766caebe9da19a5b9e598453e10bc48bb87f36e89bd5b3f0
2026-01-26,2026-01-25,retrospective_reconstruction,settled,160,160,1,74887.9125,74887.9125,0,176833.5125,0,187a204c0416e025afe522203e31277b119f90e33a900967127b652e7eaba339,74e3e95a3b8d3a6ca09f1c1d5cd6a2cac774d1662d368f3368e5ed9e724155f5,160,160,74887.9125,0,paper-limit-strict-awarded-fee-v1,e2b6fcd014845de001468b3bfe59212d9b7cc27b029c800b98426fb493ec6827
2026-01-27,2026-01-26,retrospective_reconstruction,settled,160,154,0.9625,11848.4,11853.92,-5.52,188681.9125,0,b9b16211fd08e03f3e3cb3e226d33403c604cfc3b044d17e008801e71c9b8b5b,0c6ce3ee9715d95f4d416950c3e9f728cbd03fe3519f127e2029b833d58458d7,160,154,11848.4,0,paper-limit-strict-awarded-fee-v1,bcb2aabb3dd2ef81a103865fae6e6b5eddc9eed2dc28bc0bbb5f65b7687e531a
2026-01-28,2026-01-27,retrospective_reconstruction,settled,160,160,1,845.2525,845.2525,0,189527.165,0,d7c9fb789083790da01dd557d4452e58ed36558a55aa54008e313def79ca18f0,4766616f51c618617846c370dfc8182467577ae68050df6ffb6dc432f46cf776,160,160,845.2525,0,paper-limit-strict-awarded-fee-v1,a9a950d81000f19ef711e6d061873f6fa97a6a4fd9cc5c5967f9e5b2870adaa6
2026-01-29,2026-01-28,retrospective_reconstruction,settled,160,129,0.80625,963.9475,1269.2325,-305.285,190491.1125,0,60dc6bd81f3dd4731997d7ddf612d1929c482fadd04e288a9d7c11bddd94a8ba,b15de17b36b512628e50d0bd5a8f6826b59ea61c1094302823a7dca80b555c1f,160,129,963.9475,0,paper-limit-strict-awarded-fee-v1,d01fc7b487ba795015ae09ee9eabbf091644644245d2471c952e05d9a76df5e6
2026-01-30,2026-01-29,retrospective_reconstruction,settled,800,695,0.86875,-6378.505,-6324.2625,-54.2425,184112.6075,-6378.505,7c2894646dba06238c5924cd030d86ff47d9a4affc006f8e5cb3c1020e02b087,ef653b0edbbcaa03eb93849944f0918964a5ee39825706c104592ebb6526a9f2,800,695,-6378.505,0,paper-limit-strict-awarded-fee-v1,138aad786ea3be5d832fea2f178e84dc2a8ded27424e7596e5cceafed3ce7b0f
2026-01-31,2026-01-30,retrospective_reconstruction,settled,160,88,0.55,-3484.055,-3116.6625,-367.3925,180628.5525,-9862.56,a929eea66e0022b9d056b552a9462ec208bfea0f16c163f400c4044866fc5a8d,fa224e9f8dcd6d6c7e58c31bd433bdc6886b537b1692120eeb8c627c3be1ae34,160,88,-3484.055,0,paper-limit-strict-awarded-fee-v1,5ef6efbfa03a4c4593a49af78d4c57660f661eab930f2c9ca6632cb2f279ca64
2026-02-01,2026-01-31,retrospective_reconstruction,settled,800,606,0.7575,2921.8825,3984.1475,-1062.265,183550.435,-6940.6775,71a3fb8df8a8189f4120862d3c37b419b6dca82e7fab6e7a555db9f22e4b5864,dfcec9db513c3ea0761c92623073197105dfc533845bdc19316bdca89ca1a103,800,606,2921.8825,0,paper-limit-strict-awarded-fee-v1,c79f4c98cac0ee4ef892b6e6c3ae9d522234e699c9b1d0d2447c43e61d0ff8f2
2026-02-02,2026-02-01,retrospective_reconstruction,settled,160,143,0.89375,845.9675,772.75,73.2175,184396.4025,-6094.71,2714b4c1c5443b5c70dfef1c3f79352e20f7a7b92d13effd552862f0a4356d47,5c4fec031d3cc9af225dbdb43d02ab00694e9a6ca31e646453e8d1fc265fe9e9,160,143,845.9675,0,paper-limit-strict-awarded-fee-v1,e0d02bee0be2a3133c02a9e2f3ecdd71e0fcd56bd5ea5d1251ae5b8db5d31b0d
2026-02-03,2026-02-02,retrospective_reconstruction,settled,160,152,0.95,1594.51,1619.51,-25,185990.9125,-4500.2,2b9b430184714fd3e8a8e7a8ef76514c860f74a8107df5f7294f80258937e211,2cf34e20211729d307f9f05baeb43f547a24cd1e24b10ab84fd490a376fdd290,160,152,1594.51,0,paper-limit-strict-awarded-fee-v1,1a7b5af07c5c6f359244ba1110846981bec31d236412ac7eadc3525fd98ace09
2026-02-04,2026-02-03,retrospective_reconstruction,settled,160,131,0.81875,361.3275,360.8075,0.52,186352.24,-4138.8725,aea13243eb080dc41a2d4bf8d470e7b2f62511351575efc0ce9f9d4a64109454,6a8b2808079042be2a51627386f02bc98de37dfd22481eaa42ec84e003bc5e89,160,131,361.3275,0,paper-limit-strict-awarded-fee-v1,d21a1ef306cdecaa4e46c47fdba38e71f1676d6aad22bb8a6d07dddc0fa1c1f4
2026-02-05,2026-02-04,retrospective_reconstruction,settled,800,799,0.99875,4744.795,4750.5975,-5.8025,191097.035,0,46d1b9544ce6460e16f8ef5dabfcb33a6b868ce632ab53b108e1e505b36c5377,b1f8a63908cb6700ed10980dd1f5324ccbb9fec15d17d7f846068d3faaff79cf,800,799,4744.795,0,paper-limit-strict-awarded-fee-v1,10267f66fa29387900986b3c026b9b725053b7e5d0640e8d4674abea89cb1d9e
2026-02-06,2026-02-05,retrospective_reconstruction,settled,800,798,0.9975,-21567.2125,-21551.885,-15.3275,169529.8225,-21567.2125,c2d05c3ee4e290c17f7f8dc31ac26f69b1ccf7c1c084c0f2864a38a555f69446,27e77f852c89fa9068106c2d3ad2b72c9d81904ff1ca94a9971786b537973d6f,800,798,-21567.2125,0,paper-limit-strict-awarded-fee-v1,23aeab9f2da1cc57f7dbb0d8509638e7f3da76d90a82b3ae0d15d875b7cdfb50
2026-02-07,2026-02-06,retrospective_reconstruction,settled,800,799,0.99875,-8647.155,-8647.565,0.41,160882.6675,-30214.3675,4eb196f9f93fedd13d855ad77eac5e9ab4c43144bd9565d5d97f438dda08128d,4d00363c51f45cd54a39c0562817b9dd34bae1b491c6978b07803da41f284e8b,800,799,-8647.155,0,paper-limit-strict-awarded-fee-v1,efbd077aa1fc8a07a458a32e4c3fbac08395899a51d0d58addb7a24453390919
2026-02-08,2026-02-07,retrospective_reconstruction,settled,800,794,0.9925,4389.1075,4473.855,-84.7475,165271.7750000001,-25825.26,55f6255d5511e7a7c1f8ba9e544c5dfcc150e0b42625112053f295854bf5515c,e89fecaf5d33f7dee752b31e98fff2c3cb2580abe811f1c2ab5f94da34dc9c4f,800,794,4389.1075,0,paper-limit-strict-awarded-fee-v1,29b424c182844bfb712a44baa5f6720308f3e0d1468c617a1896e78fa77c82cb
2026-02-09,2026-02-08,retrospective_reconstruction,settled,800,790,0.9875,349.685,438.06,-88.375,165621.4600000001,-25475.575,d4c28e9ae88289e174911b8deb1703cbb9ef845736acab1d071aeab5584e5dd5,b109ad498dd9d250c5bf27585a4db3ec600ca91775aa8d9fdfca03b40480f289,800,790,349.685,0,paper-limit-strict-awarded-fee-v1,5403f03b3ba9e211eb04947a977031866ca1c6e72b12b0f43a671eb36beca9ee
2026-02-10,2026-02-09,retrospective_reconstruction,settled,800,670,0.8375,-2187.1175,-8979.65,6792.5325,163434.3425000001,-27662.6925,2498f0b4f434dc1494901078b0f0bf68a6210a6bee1dc78c0dad1618d904f899,f19282f16c954c53778c2b10ded5da5fe6306206c51f865b4b6253932a0539ba,800,670,-2187.1175,0,paper-limit-strict-awarded-fee-v1,b95c6cbb529c2321f179b38f514cd37b7cf301bb7b3e9ec545f999ceb94a95e0
2026-02-11,2026-02-10,retrospective_reconstruction,settled,800,800,1,7409.495,7409.495,0,170843.8375000001,-20253.1975,e23b4df77ebbeacff87963a27f981f4d9e708e3cfad5bb65aca6759b0470bc03,acc28dd8a0a82e7d0e56540f05adede197a7c7bea91cb38be3dcd4ac43a8d530,800,800,7409.495,0,paper-limit-strict-awarded-fee-v1,02b45d489bc145160489ffb461db0d3e79e35aa88b5f450e3ac0e34fb1940260
2026-02-12,2026-02-11,retrospective_reconstruction,settled,800,781,0.97625,6784.715,5611.175,1173.54,177628.5525,-13468.4825,bf35b3c08d6795a20d89aab608b990a538226df78bfb8e6d5ef1c0278e58d1ae,fec8e56a7bdf1a3ef2d03ae4087981809dabfb7ee097e3b6e191e1616a37d5c6,800,781,6784.715,0,paper-limit-strict-awarded-fee-v1,820671d75b8beb7106670a8bbd261f6d1f52886ca7f715c9f28a46ff2b7d15f6
2026-02-13,2026-02-12,retrospective_reconstruction,settled,800,701,0.87625,-1614.2875,-588.8075,-1025.48,176014.265,-15082.77,6e6abf771a29e68f736f7b91fc63fb1b263f37e94d5d53626f48aa7f2898d824,c89c152c28533fd9d1e9260b0b136aec713d6a7ec7c36b6cfb6b822430896060,800,701,-1614.2875,0,paper-limit-strict-awarded-fee-v1,04f859078bcef27139369cacad25f638b17da5b3a2324766bf50b114e4685971
2026-02-14,2026-02-13,retrospective_reconstruction,settled,800,542,0.6775,3847.7575,5652.31,-1804.5525,179862.0225000001,-11235.0125,fe31ab728768766c74f207d20a8b94c9b92227622892500ed905fbceba0d5687,4baf47c68b8526139c0e160f9d165bd17b1b3cd4223effdcbcd3b4efc47ec00c,800,542,3847.7575,0,paper-limit-strict-awarded-fee-v1,68e8350202759c755b3f7c8aa5bda45d6cf09fad0ddc166b57ea00bbb593608d
2026-02-15,2026-02-14,retrospective_reconstruction,settled,800,792,0.99,11900.17,11718.975,181.195,191762.1925,0,ca6fc47a34d472ac97208a8fbc28739c4b50291365557a5ddc11536cfd5106fd,58db9dfb6f38419109473ed025761dfb5bd88f00fa12da1f21441994eaec0fb1,800,792,11900.17,0,paper-limit-strict-awarded-fee-v1,9f6f85b8c1c52a47bbcee6ffd36a82064a5119de868e8d0c26ec3262aebebb06
2026-02-16,2026-02-15,retrospective_reconstruction,settled,800,670,0.8375,3804.845,3622.485,182.36,195567.0375,0,e5807abf8b720cf9ba89ade05a464e09d3dcdd0ff7734348905eba0185158f87,263d87300998689d828e49465b1b4eee4ca4a97cde098fa69bc7ee9221c47846,800,670,3804.845,0,paper-limit-strict-awarded-fee-v1,0913cbd77a592a92ad0a8020724d56926bf55155caa0fdf27ac39c1b632e285e
2026-02-17,2026-02-16,retrospective_reconstruction,settled,800,656,0.82,1851.9925,1594.1675,257.825,197419.03,0,908e22d2732958c7e745c3e06c6802951cdabeeb8a07fac1943caafe8eb58c6f,431156c2f5a5b0838951c4601727463ecfab7786eca408be8ecf4ec8e51f01b7,800,656,1851.9925,0,paper-limit-strict-awarded-fee-v1,734e76d0b7f27947068b0692bc14dfbcbd442123366d48457feb42fad1241527
2026-02-18,2026-02-17,retrospective_reconstruction,settled,800,800,1,9137.435,9137.435,0,206556.465,0,acf999dc1e9da19870066ca09081498f6a8791e6db8a14b5d3a3500acacb5c09,5a8a9bd156ae7afe2033f157f40c66b6284eaa9785e13fa8f3ef3161f4e4bc4a,800,800,9137.435,0,paper-limit-strict-awarded-fee-v1,13c707f8e410e9cde5c3bc38c358163d5e830694bf501ef01ca8458c2c9cb646
2026-02-19,2026-02-18,retrospective_reconstruction,settled,800,743,0.92875,-8574.08,-8596.185,22.105,197982.385,-8574.08,e4973ea29c29e77440a0a0286cabdda52994b3869accdd39949089936924d80f,1b721ebd753ed8c8e8dc661207f499e644b2b002f376de5734bdd5086aa43547,800,743,-8574.08,0,paper-limit-strict-awarded-fee-v1,01d38f7a02036be8c9fa3ad5865bcb36972c4b5681ae8e2a6f6e834e55a16ca9
2026-02-20,2026-02-19,retrospective_reconstruction,settled,800,798,0.9975,7512.6575,7517.5425,-4.885,205495.0425,-1061.4225,784c8a9bb212fe89cbd4336596ecbe051ae6a71419a9faf25c247e70d6b37bae,ab9d2b37b2c458dd87e7b34b44076e693ab5945f21c8c6fbec0e471f9dabb261,800,798,7512.6575,0,paper-limit-strict-awarded-fee-v1,fc947da9c7363a6cfa64aa199001688fac31e2e8a273449216d9e2069a6abe4b
2026-02-21,2026-02-20,retrospective_reconstruction,settled,800,745,0.93125,4813.9575,4480.6225,333.335,210309,0,b2c836d8655246ba81564855589426438f014de085124de3b3288a3f757a28b2,e8bb87dd3a090efe4b0419ac550ec590e29b2a19d27e8b3618e1f54bead68124,800,745,4813.9575,0,paper-limit-strict-awarded-fee-v1,0d6f4f13ec416c3d45a6393bfd839279e3eee15151def4f3f761b26317f2610c
2026-02-22,2026-02-21,retrospective_reconstruction,settled,160,147,0.91875,686.3625,741.9825,-55.62,210995.3625,0,a63eaf67be1128313a2402a21cc8e230052b70f103be0086dc9bdf5f2bc73e7b,49869d67302653da4afd943bd2f7119f9e4bf2454ec25ce85bd1f961ef2e94af,160,147,686.3625,0,paper-limit-strict-awarded-fee-v1,94a1e56880a5183d51724efff089205473a3e1de02585cb43c2845a5db78d73c
2026-02-23,2026-02-22,retrospective_reconstruction,settled,800,430,0.5375,1266.7675,2825.32,-1558.5525,212262.13,0,227bec6a1dc3fee4275a81412e76808f6351ac22ea9f04bffcbb10599526de91,57cca32ab113ec987f7d5f24ca651cff9dce86b79c11d203c61232f7f8bc0f32,800,430,1266.7675,0,paper-limit-strict-awarded-fee-v1,41780b1785404c2d46b14c7e1701c2cb612657c594b45aa2ed072141c3918789
2026-02-24,2026-02-23,retrospective_reconstruction,settled,800,581,0.72625,6939.69,10062.215,-3122.525,219201.82,0,b7cc289dc37e25b9825e4a84ed100c41960bdcf34a881057542da4ef2ef8e576,05dda940b15a0e75d485854d08b0e3f9c05dc230f5169c77518bbf0b0abbec81,800,581,6939.69,0,paper-limit-strict-awarded-fee-v1,d14c9d16a5467b20a766decf72ac4fbaa792d807e738b3d04048c4afcd77cd6b
2026-02-25,2026-02-24,retrospective_reconstruction,settled,800,782,0.9775,2154.36,2230.4675,-76.1075,221356.18,0,1187d4fc0c046b39e181eda990d150465b182d743a3773c610620c3a588cdb90,188c771ff29640cbb80565584ac6bb1f9fe6dcf66d8179306f64e4d58edeb333,800,782,2154.36,0,paper-limit-strict-awarded-fee-v1,2f6eb2d59aaf8c6698790fff76c0a69b2490d8ff7023e6d7e190fc486f558719
2026-02-26,2026-02-25,retrospective_reconstruction,settled,800,525,0.65625,3301.69,3323.75,-22.06,224657.87,0,899eaa4ab4d9fd7bb4345b7df5f8757e82f4f3cee505258b20712e9ed17ae8dc,c915377dffc84966a076caca8b028a4a8fc85a5e6c2da79577d5fade1a77a87b,800,525,3301.69,0,paper-limit-strict-awarded-fee-v1,0f09b1128ab4e31f1d5a6e5601b715c49d8b7173fde6d155efbcf54da7c91ba2
2026-02-27,2026-02-26,retrospective_reconstruction,settled,800,724,0.905,1662.6175,1698.105,-35.4875,226320.4875,0,335e05dd537bb0981b9ee50d336a136ab640423ef8d352ef90805691c014160c,538afcf63eb48b9a95590eb422e9f588aa756b91b8020e31250407bf8476c26b,800,724,1662.6175,0,paper-limit-strict-awarded-fee-v1,9a513a55d77c78aef3623bdae66e6d68850caa7757baa0191743655bd49905ea
2026-02-28,2026-02-27,retrospective_reconstruction,settled,800,382,0.4775,1960.795,1757.145,203.65,228281.2825,0,ca5ccf5b329938b106e7c97921b8139b30f53f001e0b6659e1856b5715a7581d,f425b500f0c57e017ce51cc8ad1610b2552e5a2e4999fdf9676b99bb30ae1ff1,800,382,1960.795,0,paper-limit-strict-awarded-fee-v1,ba18c6eb60da651c308aa732ea02e08fe8b7674b213ea2a7a842709ba7037231
2026-03-01,2026-02-28,retrospective_reconstruction,settled,800,686,0.8575,1882.5925,2210.47,-327.8775,230163.875,0,8b18e4c49780f32ba8f760dd819999ee5eab7ca23c7abb1bded5abf2bbba6b55,8185dd10cea1addc0a928486c3078f68015062e48311e7fae01e7bd20a52aaad,800,686,1882.5925,0,paper-limit-strict-awarded-fee-v1,dd95d01400dc94f13129eb246c7d99a162e6cf3229c8f2dd235ad5ff279628bc
2026-03-02,2026-03-01,retrospective_reconstruction,settled,800,379,0.47375,-925.4325,-882.2025,-43.23,229238.4425,-925.4325,c48b89e4b3ed96c4fe3a8772c3b582ee7a1d3da041af7157e74d1880676dcf8a,c199be2945b0b20c5e6c314d0b9370a0e960220895c1cdb5de5d3c282b45ea44,800,379,-925.4325,0,paper-limit-strict-awarded-fee-v1,85daca950882d3b9a6cdee1ac86f34d3c54e9ddbb832031cbd58abd0079c0d1f
2026-03-03,2026-03-02,retrospective_reconstruction,settled,800,702,0.8775,-10301.345,-10522.8675,221.5225,218937.0975,-11226.7775,4a7f75dbfe92f3e962a9d02d9e010a7927035565d3e959c529207842f027a92a,d91da3e5e590247e59a07918c1ad27fd1e6852530c0cb7d9a1a59384e0d90b5d,800,702,-10301.345,0,paper-limit-strict-awarded-fee-v1,4f98582964a842c55553c6e2cbf7a6e0912f995edc87ded896c241f7f2fd45a0
2026-03-04,2026-03-03,retrospective_reconstruction,settled,800,723,0.90375,76.43,1900.4075,-1823.9775,219013.5275,-11150.3475,6540600ba2fed5d1aed3b73d2d938a58f0756745e9e88f72248338f8f6f6f1dd,886016a9041c2a6d96f1bfdd7a2f416b0830e22d2502be9c68b2c68c8a7ac708,800,723,76.43,0,paper-limit-strict-awarded-fee-v1,409fcd133b4b26c1245acd57acaf5b23ca43ef4f7d414857086995db4811478e
2026-03-05,2026-03-04,retrospective_reconstruction,settled,800,736,0.92,-2491.47,-3336.775,845.305,216522.0575,-13641.8175,ccb41f22176619ae1bb17f06e4293896f37c7693e57ed1884abd2a38944320c8,13f2ab2e8bf183b63ad81842c1bbf8fd345cd7027985db43639ad49ce1477462,800,736,-2491.47,0,paper-limit-strict-awarded-fee-v1,0fa7d65f7bd4da50fe7cb5d8469b268bad1873e4a9ea142b902d113548805936
2026-03-06,2026-03-05,retrospective_reconstruction,settled,800,716,0.895,-10626.1075,-10947.8075,321.7,205895.95,-24267.925,c6a5076511d9f695a755d398165bffec67cf9d6140f3dbb5b2a4021126510075,5b5c1b80061e2d8e70ac13758a16662bc77d2287ad3ec9bafa90a849e32a0109,800,716,-10626.1075,0,paper-limit-strict-awarded-fee-v1,6140d8788fca505acc1062abd83d56f9ea58a91d003bda21d695ddf6b35da14b
2026-03-07,2026-03-06,retrospective_reconstruction,settled,800,623,0.77875,-8724.98,-8133.205,-591.775,197170.97,-32992.905,49a4d9d9c37debf7ebd4ac2521c15eb69c67efe2e96ece86da9297d00ea5ca11,8b5f3ad1e4766e99e0bc79f4b501d15b594133f33a12817dd654fbbfd22527af,800,623,-8724.98,0,paper-limit-strict-awarded-fee-v1,2f9f09847d6667d1297cdca66bf5e82a83fe0c622d19f59968544683aa55e92f
2026-03-08,2026-03-07,retrospective_reconstruction,settled,800,800,1,3545.29,3545.29,0,200716.26,-29447.615,755246d278f0eb4b48c38a11d0dd9812e2ac420d41557a94901d2571c3a5b186,c0a487b47d120e6e17b2fcb4b2f27f797982488be8d9853694e722b9d9130911,800,800,3545.29,0,paper-limit-strict-awarded-fee-v1,e4615d1934e1f7a0e40b2f2b147b9b8d97bd1d4e24bac04e589e4947b6ca8947
2026-03-09,2026-03-08,retrospective_reconstruction,settled,800,799,0.99875,-8751.755,-8746.125,-5.63,191964.505,-38199.37,5cc1bf34d8bc47ec085b3519e6f2e96d7a07026e0d71a18e9cb56de763a333d7,c03b344078752d479a0a5f9f03d1a7bc4623f3916288f2b6f407f22689139ffe,800,799,-8751.755,0,paper-limit-strict-awarded-fee-v1,7db2327694b38f49c01a4d261c87e60829fc7aac57365571d35dc2290297f19f
2026-03-10,2026-03-09,retrospective_reconstruction,settled,800,647,0.80875,15405.7775,13915.9575,1489.82,207370.2825,-22793.5925,9e5a949b19886deae646c680ce40d26e4051fe53afeb5e341ddb109b534a5437,e06063b9cb70f101fef2050e9abc0f917977559ae0548da32d19f1c43a75eedc,800,647,15405.7775,0,paper-limit-strict-awarded-fee-v1,112ef6c18a13225b99dbca75f0cfe8f2d4dbff9a32064585c09f7792a5782787
2026-03-11,2026-03-10,retrospective_reconstruction,settled,800,621,0.77625,2774.715,1373.0475,1401.6675,210144.9975,-20018.8775,6093eb85adad3c88a6de3b71c4dae352bd2c0a12b129098c344c65a9c8ff3df0,d2dbf4a0e8ca567ab50bc52b888a0b75c9787bbd9f55b9b6dc50a9f206ad4498,800,621,2774.715,0,paper-limit-strict-awarded-fee-v1,fc660e0923e45a56eb6877049fc0f92a6d42b8018716401b0c289d7f83e42ca1
2026-03-12,2026-03-11,retrospective_reconstruction,settled,800,630,0.7875,14658.12,15980.63,-1322.51,224803.1175,-5360.7575,2353427393a6532ada9b42ebb4bb9e0a7276826730404203dc034cf18f2a1109,10d2100e4df0678d884b945a65e1dc6f887facc216cf80e68c8c051a9fa791c7,800,630,14658.12,0,paper-limit-strict-awarded-fee-v1,b2213c4616128577d3a3d459f768a2f0c89462d4f1b2957f96f0a7dc7e9c8adb
2026-03-13,2026-03-12,retrospective_reconstruction,settled,800,721,0.90125,5938.835,6153.7075,-214.8725,230741.9525,0,54ffe9f3a98d77b71d151007b44c8da21ebb7d9c8d55487b25253e00748e4787,0275e75824205eb4402dcbc057a67b9c02ae07ec1b8600a488deb02887db10fe,800,721,5938.835,0,paper-limit-strict-awarded-fee-v1,fb9d850d3ded4a6d00e5fb0877af137fbf0afd1a60c9b7f65011648163a56728
2026-03-14,2026-03-13,retrospective_reconstruction,settled,800,744,0.93,-9991.375,-9417.5575,-573.8175,220750.5775,-9991.375,a500e88a65b3cc4708cd414e8fd75906e23331913c3407ba71962144ff1d7f4d,863f814e6c155a84768e4666eab42967d07c463c5b48b3ee403146818bfcca2a,800,744,-9991.375,0,paper-limit-strict-awarded-fee-v1,4c22c1dc5496bd3c5ad553d986a0dede41e65d0acccaeb83675a70545e1e583b
2026-03-15,2026-03-14,retrospective_reconstruction,settled,800,672,0.84,3652.92,5660.9825,-2008.0625,224403.4975,-6338.455,7af3fb646c81ca6864935635dc4c72d3ac37993fbdacea4d222571cfc187a098,df282f93fb3972552297846bf9c39e0d2902a3fc88a988e0150f4211e324d67b,800,672,3652.92,0,paper-limit-strict-awarded-fee-v1,4f1e49cd819b7d02c77a09f5b4ad2e30f0c2b0f870e68b612a15009950cf1858
2026-03-16,2026-03-15,retrospective_reconstruction,settled,160,156,0.975,6.8375,14.865,-8.0275,224410.335,-6331.6175,c90343269fb94844b653637c343efd9ef2ce3d09a6183867a9010490547cc90e,142ab9c3e7c1a7ad2afb8b2e37b7e9a04f160e3c1e7b90a8006b36a92af0569c,160,156,6.8375,0,paper-limit-strict-awarded-fee-v1,41345d15721f937d9935e72bb3dd3b3341b23967fa7c7666545c9bcfe94a9815
2026-03-17,2026-03-16,retrospective_reconstruction,settled,800,383,0.47875,-394.4175,-3333.3775,2938.96,224015.9175,-6726.035,1a382b81d37e980fe6067e8f5fbcebc09927e549ad8ac3cba17afd35632044e8,b6474cf91ef9e90a42f5beadc510c9bb5ddefe542bcc5dceb5dc1525224f8aef,800,383,-394.4175,0,paper-limit-strict-awarded-fee-v1,eb36008cb614e5e3f40b417246f729b272deaad29a42219d59030a976865641d
2026-03-18,2026-03-17,retrospective_reconstruction,settled,800,632,0.79,2162.4825,3557.6525,-1395.17,226178.3999999999,-4563.5525,225e08cf1bb2a859822942b30cc90a9f1277934d477a458db19c51e481c9a996,7a737f76d51258449e299c877025d9dcce3b7d4394beffd499e41b2af1b27b20,800,632,2162.4825,0,paper-limit-strict-awarded-fee-v1,db78abe58dc64d965a08e63cea302bb9bc4deeacd8a0712f83e3d5ce0d1b6eea
2026-03-19,2026-03-18,retrospective_reconstruction,settled,800,582,0.7275,4488.945,5630.6175,-1141.6725,230667.3449999999,-74.6075,e8a09891f3e73725ec5114bde57891fb138f77c03e3ef8aeb454aa611cd50a7d,afe1e22bb87ec78242ecb06d360fc0bfc414432d54eb043cb3b8a164987c11e0,800,582,4488.945,0,paper-limit-strict-awarded-fee-v1,fcda8434718eee59d5096da137226529770ef4e6acd2d22e538ae12a391a4f0e
2026-03-20,2026-03-19,retrospective_reconstruction,settled,800,724,0.905,11089.115,11362.6125,-273.4975,241756.4599999999,0,fb86a5fb905a87b1f792453ba64ad4955c30ea11f8dffdb64f15bb0fcf26268a,8177bfc588368940b2c94aaf964291da1ae07283b349d3baf40960e7dfa45e26,800,724,11089.115,0,paper-limit-strict-awarded-fee-v1,928fd8ded633d1e8330cb65200059af0469f18392a2de7bbac16c76e25729851
2026-03-21,2026-03-20,retrospective_reconstruction,settled,160,139,0.86875,266.8075,157.965,108.8425,242023.2674999999,0,59d34d930af5ceff4c9c5c50c32b7be1ef820bd02e4dad16382885ff50744568,2a4a8bce8be870c4fb8953d06a26bbd4cdfe9124df5101c71d052980d2c4a560,160,139,266.8075,0,paper-limit-strict-awarded-fee-v1,a3579fe221838c7829a17e67e4c7613d5736ffcd1237a79288440f82b446e02c
2026-03-22,2026-03-21,retrospective_reconstruction,settled,160,125,0.78125,3206.6525,2987.1875,219.465,245229.9199999999,0,e377d8e97e05e70601eba8fa05aeccae42c8c59685cdae22b0c45e04c5d5770b,15c0a3958e50b5892777423e445bc0ab0956b0ff25fd98dd5853155163ee08ae,160,125,3206.6525,0,paper-limit-strict-awarded-fee-v1,5ae40500ff75789e881da0088e754d799f40774538d8bc1b09b6030c647fa8d4
2026-03-23,2026-03-22,retrospective_reconstruction,settled,160,120,0.75,-68.595,225.09,-293.685,245161.3249999999,-68.595,266312ffc4fa797e89902dd62cff6cba783d0237060297de8599f66e9d7a5e9d,33df79266fc7043506e6b28efbbed3977f3bda29d607d9ffd4ce978b0e1c354e,160,120,-68.595,0,paper-limit-strict-awarded-fee-v1,737af602bd04317a4f243e649c9cded69ddeac761bd1a6a0e58087b2fc73344f
2026-03-24,2026-03-23,retrospective_reconstruction,settled,160,140,0.875,-147.185,930.555,-1077.74,245014.1399999999,-215.78,aae3f29e3575c0e549174ecb8c80d4221d4fafd33f907bd8cfd90d23849f964b,c5333feecabcc704c874e5e4237b6d07be4f6a6ccab6c0ac1bf1adc5d8d5b7f5,160,140,-147.185,0,paper-limit-strict-awarded-fee-v1,928240deddf27e3429d98c58218a07917e0563a94c5a5f92be1f569521b4397a
2026-03-25,2026-03-24,retrospective_reconstruction,settled,800,574,0.7175,4883.0775,6147.765,-1264.6875,249897.2174999999,0,e36998df86d005fdeacf5ac0be6f13ab54ce499e715308542aff239c254f702a,4ebcd2392df09cfeda730cb9338057588c09ee220fe989df1334ee2aa886fd2f,800,574,4883.0775,0,paper-limit-strict-awarded-fee-v1,de118b60e06e6dbe915ca2ca3b8a70cbd77a807edc508a603ff759611043150a
2026-03-26,2026-03-25,retrospective_reconstruction,settled,160,33,0.20625,131.895,138.3875,-6.4925,250029.1124999999,0,193de751b69463fda8e69acf3bb95dc28a31c0143758579e694a63bc6bf0ae52,4bf44c527f8c457cb1c252611996db8420bbd88c1c9c74b29f1965bb700f71ca,160,33,131.895,0,paper-limit-strict-awarded-fee-v1,fb349c0266d39311b301b5d2e33dd8b1a02bcaaebee3371922ce11997d450e9e
2026-03-27,2026-03-26,retrospective_reconstruction,settled,160,65,0.40625,809.0525,-394.285,1203.3375,250838.1649999999,0,5244ac8bdc5886f9d1e9fbd508078f23fc5b5b17e3c5c6924feb80a50f8fcdbf,6dbc4687a28e6be8f027ecde85d8f1a7be2051672a29e6b251d1aee166cbcb67,160,65,809.0525,0,paper-limit-strict-awarded-fee-v1,a802534cf24da83718a2b027941b95c2e25706274d5776391e21be2b06dc2adb
2026-03-28,2026-03-27,retrospective_reconstruction,settled,160,160,1,417.6825,417.6825,0,251255.8474999999,0,438329d7bff742bf7c15ec89e536e7029106a51e14faec8e92d67db019ad554b,14303a7b580f26e78960c7fde13e5f22d4173ad03d2b13cf018ca2b8bc07f619,160,160,417.6825,0,paper-limit-strict-awarded-fee-v1,d4d6832c90935c9bd4fa96cc569594eb4bff988dcb094674918f32b46224644a
2026-03-29,2026-03-28,retrospective_reconstruction,settled,800,376,0.47,2666.115,2755.4475,-89.3325,253921.9624999999,0,33377e7c361070e78517a08c206b8fa5029e7163df2f1fb2c6977c4389056702,ec6037c6f365a6b223a88de15d5af423e3549db970509fb9c0257c1ca741fcf7,800,376,2666.115,0,paper-limit-strict-awarded-fee-v1,7be3f729b1ffe1a3f44c50e6b71801b49e4c34bf2397d14b13572a80fc13b1bb
2026-03-30,2026-03-29,retrospective_reconstruction,settled,800,430,0.5375,4608.1625,5450.595,-842.4325,258530.1249999999,0,fe2c457660a4fc74efd37b7998b3ab31f5601bbc6d00f6571b965532e62d81dd,612a023c73f077202cac91efe9d8c2c438c30680ed896e1d6b9bee31a30d4c7d,800,430,4608.1625,0,paper-limit-strict-awarded-fee-v1,1cde99399514f2b22abc8ec5d084302299d50ff60251e54a16f990813cd45470
2026-03-31,2026-03-30,retrospective_reconstruction,settled,800,428,0.535,4507.425,6910.215,-2402.79,263037.5499999999,0,2373e0348d2b2e6a0364a3c5b82ccc84276437438c6322315d273014eb53a7f6,31caa69ad3568fd1bb9aa6cd26188bd4db64b3cff085e7f1aca8058fa7b23424,800,428,4507.425,0,paper-limit-strict-awarded-fee-v1,adbdc1fb911ffb73253b46f0c5eaa32994b06ff9f8f79a9c63d6dac9a6b64a63
2026-04-01,2026-03-31,retrospective_reconstruction,settled,800,616,0.77,4872.07,2258.305,2613.765,267909.6199999999,0,671691878ee8be9e3899585a683fba6f8f34db390d6beb2f9c735a68ce32a600,d9e98a54f2d092518facd1f4f536f420137f5706e5f1407007555912f87e5593,800,616,4872.07,0,paper-limit-strict-awarded-fee-v1,0e90af6cdcdb1419ecb5cc8981f7d8f3cc718ef6645bac858e91e043be49b0f8
2026-04-02,2026-04-01,retrospective_reconstruction,settled,800,800,1,-2194.7975,-2194.7975,0,265714.8224999999,-2194.7975,68031c1aa22c2cbe8677a815dd3b70130d76fca40dd1e94949d5975f8e329efc,2bcb002c977d1ce680d02907b00054e911b58dc94b9671bdea2d4d725de88126,800,800,-2194.7975,0,paper-limit-strict-awarded-fee-v1,fcd2301494e5ef4f1e57b9d9e1157fefe203c922da0bd7e18d54df3131966016
2026-04-03,2026-04-02,retrospective_reconstruction,settled,800,679,0.84875,10964.42,8543.55,2420.87,276679.2424999999,0,68c221cdd20674612067d64ee798e32b2bf4d756705afcf28883ef3b167b86e0,8800b1e919448ca2217082ad45089e68f4e16485fe4a03151980f57d4e26b294,800,679,10964.42,0,paper-limit-strict-awarded-fee-v1,d38a29525a4dbbccb94ce432a5d297a4c0f181e3f845fa242c94026a422e7860
2026-04-04,2026-04-03,retrospective_reconstruction,settled,160,138,0.8625,-1735.2925,-1783.815,48.5225,274943.9499999999,-1735.2925,33527e80af8936fe44e2de51e27a4464090816f12d9ff5e39af9955daf2192f4,e053982503eac16c3c7fe8e18b0ea820fee2f8d0d1ab493d9aaf74af22b7cd7e,160,138,-1735.2925,0,paper-limit-strict-awarded-fee-v1,d8bdfa4aa1d9f7459bceae72073e9fe2f005e1426d0f46a6b0c1a211b4454bd7
2026-04-05,2026-04-04,retrospective_reconstruction,settled,160,160,1,1415.2275,1415.2275,0,276359.1774999999,-320.065,e1e65fbdb6677115f17fccd65ed8377683f0b571724226411f0a7139417add00,b3b4a0be21d93eff131bf7132f0703b59885322663def2fd1e5214f5012e1620,160,160,1415.2275,0,paper-limit-strict-awarded-fee-v1,e7de962ad370015a8dbde7a5c356579d494b90c73c03d98c68278acf89bb301a
2026-04-06,2026-04-05,retrospective_reconstruction,settled,800,794,0.9925,16650.0775,16644.075,6.0025,293009.2549999999,0,291322c71b5c5e7cee212001ee2c8c17b61cd2aa9c6afc93ef9dc612a8031491,a44ad67eb8ea7926e6b456c31d2dc564f8032a133cdf63e64a7de9b1623ad7af,800,794,16650.0775,0,paper-limit-strict-awarded-fee-v1,c12b90fe25757516cef95f9447b82094533ae417afa255ee3511f18070f4a93d
2026-04-07,2026-04-06,retrospective_reconstruction,settled,800,704,0.88,1672.145,1507.125,165.02,294681.3999999999,0,90b8142efc56a15b19392476b4e0ed325b9d9b71f52d29638e541d4082e65171,6b2d8c1bd3807585903c4cf0d23c74193892c971f6f9999b338202752ce5103d,800,704,1672.145,0,paper-limit-strict-awarded-fee-v1,092a3a256716e89ee111707f4aa27fef6b51ea3cf4c1e99ad2c71e846f50e610
2026-04-08,2026-04-07,retrospective_reconstruction,settled,800,600,0.75,796.785,3642.3075,-2845.5225,295478.1849999999,0,0e37316dd91ece4ff8efc12d39a4714aa12ee3d5908d4fbea5da8bbcd166cbb9,99999dd0ec630bb67af692304f8ef1e7ab27417da04747d7206286deb6363476,800,600,796.785,0,paper-limit-strict-awarded-fee-v1,c04bfbd7fa4af5fe3e1d20ef9ef1d0e9caa3f4b99233f0325aa6125503c28df0
2026-04-09,2026-04-08,retrospective_reconstruction,settled,800,530,0.6625,-4864.105,2161.255,-7025.36,290614.0799999999,-4864.105,d0c93df06731d37fff2332cf5744dacd88794657ea80c2a9001f6cef50a0874e,040f3424cee69fc1da20f3647e63ccd3a2dc70c0aef9f3fdbe8a48ebafc26bb4,800,530,-4864.105,0,paper-limit-strict-awarded-fee-v1,76540e6babbe99d532be67f15aaed70221e48522ef788681b461ae35ea207225
2026-04-10,2026-04-09,retrospective_reconstruction,settled,800,573,0.71625,-689.725,5003.9525,-5693.6775,289924.3549999999,-5553.83,46f06ddf95d15491cf296377e2d5fb2d230a220fafe26e35570d55e446032b16,8d4033a9a9d11be2ca3746dc6a51f8efb1f609900ed34c1c0c9e1a999cf5e727,800,573,-689.725,0,paper-limit-strict-awarded-fee-v1,11d05706b0ba04e4821c525c3be7e31410c4833edc90242310649a77e41f2161
2026-04-11,2026-04-10,retrospective_reconstruction,settled,800,722,0.9025,-2762.1725,-3719.8275,957.655,287162.1824999999,-8316.0024999999,82f5a71e7f540c702bda5b856d4448d36ac012f94b7677db978dda18a2fcbc1a,fcf7620d5f5add2cdc0c254180e916446f7f3412d5984fd68732004f48f2db77,800,722,-2762.1725,0,paper-limit-strict-awarded-fee-v1,931f13128d55b8d4e792b24352c1e0afbad2b7ac890db65d1b3909fd83cc18f5
2026-04-12,2026-04-11,retrospective_reconstruction,settled,800,735,0.91875,-561.7575,-1741.775,1180.0175,286600.4249999999,-8877.76,78217f8e7c42057e11ebdbd160973819ce3a9d9a7a71e48af8d98c5b2ed66d0a,140ebf49d047cd12e65a180488452c7de6a841139e14754d2d9ae278afef6a92,800,735,-561.7575,0,paper-limit-strict-awarded-fee-v1,c9c965971440035db252a6ef8f353915b7e1a44b13ff99d89ff4a55590bb7de4
2026-04-13,2026-04-12,retrospective_reconstruction,settled,800,591,0.73875,816.7625,4121.7525,-3304.99,287417.1874999999,-8060.9974999999,52dccd8248a76bdb8411770dcfc1944b8ff1107c8ad9263041fa38a51a7d7ef2,9608e6608148704d23864575026816228cef13f1d687eae5ebaf3bc42a5e6b7d,800,591,816.7625,0,paper-limit-strict-awarded-fee-v1,317720ad9be5f1ec29b7fddd08567b0a7d8d5db30d971bf3ea0d3fb07ac8b333
2026-04-14,2026-04-13,retrospective_reconstruction,settled,160,155,0.96875,1176.445,1197.4925,-21.0475,288593.6324999999,-6884.5524999999,2c6cbde215180fcdd9767cca26fd3761e68330c6319aa7b37646f40cfe7cb2d6,88f54121c2aa059d8dbf9914169bf2f4f00ce514242171e28ba31ffc72d1923f,160,155,1176.445,0,paper-limit-strict-awarded-fee-v1,8fb9a064fde789f2a13b604c4d051d1284e83413a1ac5d7d095b79aed4834b09
2026-04-15,2026-04-14,retrospective_reconstruction,settled,160,147,0.91875,390.59,-11.5875,402.1775,288984.2225,-6493.9624999999,59c86ac2baaffbd572624d78491476898923beab60bd10849eef06b2b5814b0b,1ec1d7d7598bb5a0af9a71c24653d42d948d5f5b32cda52d90ca6bf9a9910b1c,160,147,390.59,0,paper-limit-strict-awarded-fee-v1,5e940220496d3d4b994f77688357c81427f7a1bdedef91f398b6fa4e9dfbc436
2026-04-16,2026-04-15,retrospective_reconstruction,settled,800,800,1,-3356.9575,-3356.9575,0,285627.265,-9850.9199999999,4559ca3470f48bb44fe13a07b10e3ca8c5d0fe591fd2629d4f885032b2de6f33,7977c154cbded6e0a7dd0c347a95c8e0cd0457a021768c851c365afc29728cdc,800,800,-3356.9575,0,paper-limit-strict-awarded-fee-v1,6a5abc79a128059101b2059d4aeee259ffbc1a4a511f3034a037001a01b37643
2026-04-17,2026-04-16,retrospective_reconstruction,settled,800,654,0.8175,-14325.9725,-16676.1125,2350.14,271301.2925,-24176.8924999999,45b54d223d175f285923ae1a88656b98f6d7ed0ad1e65ab2d391fc63a35d029f,65ac725abf4d645ec24763a131edb273cbfc83f83a9b6f9e41c976978b017a89,800,654,-14325.9725,0,paper-limit-strict-awarded-fee-v1,6df7f9fea2772d152da0ead336162d72f101d7a6dcea0d2357ad7027db4a83f3
2026-04-18,2026-04-17,retrospective_reconstruction,settled,160,155,0.96875,-939.08,-935.1225,-3.9575,270362.2125,-25115.9724999999,48e393a3346df84e24d887294363b6c302cdb8010e0b01bdaad98ba434119021,7f8f243057fc7f0b12a64b6d0e533af2ff9d87b269195e5b98b65939e48f805c,160,155,-939.08,0,paper-limit-strict-awarded-fee-v1,658c2b5ddc77c69916ddb7d1c31196932d2971030c60b6f1efe52a1ab4f4318c
2026-04-19,2026-04-18,retrospective_reconstruction,settled,160,160,1,-578.8675,-578.8675,0,269783.345,-25694.8399999999,90f58cd79f14e13a9dcb2b9eb670a7eddda022d11f559bcf8ba9f9474e112ac5,c4dfb46ae4104bb2e7e00e78b4d630f8f006454b0021f463b5b5b3ae733c588e,160,160,-578.8675,0,paper-limit-strict-awarded-fee-v1,a6f06f37ad0f02bcc98d0d732f265273803cba1d720111021e5ae18af19a7f64
2026-04-20,2026-04-19,retrospective_reconstruction,settled,800,792,0.99,-15844.7775,-15838.5375,-6.24,253938.5675,-41539.6174999999,47062055fb34809c1688572869a745386795112a860b64848f012cb726fc45c9,6644b40983af751c7bb4a8fa66e061673553680f16e8d9c6f46aacc376ebb747,800,792,-15844.7775,0,paper-limit-strict-awarded-fee-v1,954ccd83ba269db9e1853cdc0d74e13a2334d96e9a60f294026dc2f582ba0f12
2026-04-21,2026-04-20,retrospective_reconstruction,settled,800,791,0.98875,-10188.6675,-10190.4225,1.755,243749.9,-51728.2849999999,3cc0e476bc765021c41c3c487796a5f98aeb801afaa58028011b33f2db3c352c,9ee8930c7599a031ea15e894e897e1d3c3c490786817c4929bb2e025d1ed14d2,800,791,-10188.6675,0,paper-limit-strict-awarded-fee-v1,5b910b6d3d9dd37bda0c8866dc32278fd321a4c53ddaee3c2e5637650e45cdd8
2026-04-22,2026-04-21,retrospective_reconstruction,settled,800,690,0.8625,-643.705,1567.685,-2211.39,243106.195,-52371.9899999999,b933720e5f85fd7191ffffb3b8d015de7e9bfa5348d37f72452e9592fcbdb784,5e3e5291c1c3b6846b7f932bdff27d0861b2d2cf8e58a2fea6bee5e4cd2a222f,800,690,-643.705,0,paper-limit-strict-awarded-fee-v1,f00ec7cc1aeeef3cbff959e75445d4886fde9a0d797cfe71e03744069e43ecb8
2026-04-23,2026-04-22,retrospective_reconstruction,settled,160,107,0.66875,339.7375,563.305,-223.5675,243445.9325,-52032.2524999999,04aee330c843225bdea445294bb206d2080ef07930c9692998a319e2e2b96f7a,ce0bb794ea65a0baad824c526858bd8ddee81a81af5cbba4b938f5395816cb0f,160,107,339.7375,0,paper-limit-strict-awarded-fee-v1,c0729d844cf15bf5d26f4a9bbea5dfd12419127b689ccf2765e38d513c58694e
2026-04-24,2026-04-23,retrospective_reconstruction,settled,160,160,1,2705.2225,2705.2225,0,246151.155,-49327.0299999999,5c3457afa08ba289c52cb624c8b84172937a6b26feb568d85cacaf72d4b1f5b1,e94f18796508066946cac122041ca52f8dc30047fe07b5ba6eae6d2aa0c54c16,160,160,2705.2225,0,paper-limit-strict-awarded-fee-v1,7f63b233d571e7c093de43969976aaae7865fbcfdf357fd0072955c8f6fbc28b
2026-04-25,2026-04-24,retrospective_reconstruction,settled,160,155,0.96875,1769.8125,1502.97,266.8425,247920.9675,-47557.2174999999,a8a7f5468e980361e934940fc861fda6357a0d4b4259b2e3d5c0d43d655584bb,41359044d43f51f39ea42ee82ba2b5a8e4dae36c9a850f5801151ab0bf13e978,160,155,1769.8125,0,paper-limit-strict-awarded-fee-v1,0c75d03c7f4950361bd09a7dc80c5b922d909a3c61c849f0887d65b851e0a32f
2026-04-26,2026-04-25,retrospective_reconstruction,settled,800,649,0.81125,-7046.06,-10229.0075,3182.9475,240874.9075,-54603.2774999999,364edcdaf8a2c35c7f43b925783b8456abcd599340903b0e1ffb12d525f66eb0,9561b0209fbd5ac274c41996cb7813b6b30be3883e10438e20cd0447da159fa9,800,649,-7046.06,0,paper-limit-strict-awarded-fee-v1,d3faf42e2a673ceff329e771f4c0e483b020b304c3bbe66af99724926911ebeb
2026-04-27,2026-04-26,retrospective_reconstruction,settled,160,160,1,-4153.425,-4153.425,0,236721.4825,-58756.7024999999,b59d87378c88160822bebc1ac8dcd73ceb9740ce0c19c15ccb556d08b4c99979,4bdd28b9f306d7212cd30807ba79ae5b767ead83849bbe46d46c66484b944eb6,160,160,-4153.425,0,paper-limit-strict-awarded-fee-v1,d237fde71da88ac07482db20a1b6c5ab4cc4440b22a6908d147a2dde6065ef96
2026-04-28,2026-04-27,retrospective_reconstruction,settled,160,160,1,3566.0475,3566.0475,0,240287.53,-55190.6549999999,e3dd5493d7e5def6d8f71ccd3404e334fbe55bad8203f73b9cbfce23134e545a,1a76375189e5b0a71f3c34e9320f39270886104bff07247e8a9470694f64aab2,160,160,3566.0475,0,paper-limit-strict-awarded-fee-v1,6bd9ad38c46e1ce0f2a4e6b4a4aa32a63ff850e2b79eadaa98134b299251f689
2026-04-29,2026-04-28,retrospective_reconstruction,settled,160,160,1,-5051.3825,-5051.3825,0,235236.1475,-60242.0374999999,763a36d214649191b047dc50ccdea3c51e5e879047f6327f812246f937d4510e,1ce2a4b201eaa4c17cb06da0fb77db8a925f3f45d8e2ff929ea07fe909ace7db,160,160,-5051.3825,0,paper-limit-strict-awarded-fee-v1,b0698996970cabda4058023b88ddf1e604cae74cbf44831893ec47b03a6a550c
2026-04-30,2026-04-29,retrospective_reconstruction,settled,800,800,1,11789.4125,11789.4125,0,247025.56,-48452.6249999999,f76138e098634d85b7ec755fcedfbd1385032fc1efba3cc9a168446e6c7b29d6,43930b9461bc84ee98030091d3e359f2a05d5a3782996c182b698801c8d59e99,800,800,11789.4125,0,paper-limit-strict-awarded-fee-v1,58dd940ffccecdd9af7b45807e6762411477c12ca894f53919d3375d68ffc132
2026-05-01,2026-04-30,retrospective_reconstruction,settled,800,800,1,-10827.4175,-10827.4175,0,236198.1425,-59280.0424999999,b6adeb09022d9d7e27a043de4fe7516d2f9c6f35fe943fdcf4e31a84e3104a15,c2a1966a2577eb6d13cb4873c0588e2d7a0857772e790e440b11335544639a85,800,800,-10827.4175,0,paper-limit-strict-awarded-fee-v1,60fe8bb9cdf7e0c6b7a2aa482ec3566d3dccb610a58f57aeea5bafd00946d3c6
2026-05-02,2026-05-01,retrospective_reconstruction,settled,160,160,1,-19286.28,-19286.28,0,216911.8625,-78566.3224999999,93e768a99c2712631211a1ef416b72817a31007fa54f8bf31cb1b9608578de6d,842f88eaa9d98b4738203774013a66c70f44fca17225286762994434a5df41e6,160,160,-19286.28,0,paper-limit-strict-awarded-fee-v1,430d63d87cc7e5b3a23444263da50d4c3525a74aba6cac6ee6f766683639616e
2026-05-03,2026-05-02,retrospective_reconstruction,settled,800,800,1,14905.795,14905.795,0,231817.6575,-63660.5274999999,e511557c66c66953069216bc2755dcc249b804218f887ebca815a04c07ac9a0d,0479202ea0a77517bbb81d34a1f4eb2ac4509e4aa820c3c798ce1369de7ae636,800,800,14905.795,0,paper-limit-strict-awarded-fee-v1,789438d8115b2021ed61820296ba53af83889eea4d567b364dac3cc7e28db764
2026-05-04,2026-05-03,retrospective_reconstruction,settled,800,624,0.78,-3332.57,-5236.885,1904.315,228485.0875,-66993.0974999999,683dd87ce74177ab4369514b5544963d068c03f5f5d9525ec81e5b4d9908f91f,4508fa91fdc70f90db2d84cfed0e7a36b569d7ef58aed4e167af40114b2aff47,800,624,-3332.57,0,paper-limit-strict-awarded-fee-v1,928cbf44b14a1af1eaf4339d6a87533f205311af29e32515a0ba86ff0ac2f91c
2026-05-05,2026-05-04,retrospective_reconstruction,settled,160,160,1,1555.3125,1555.3125,0,230040.4,-65437.7849999999,feb7726eb2c26cc9666e04c4e20144b010dc03e305082efadb38eb28fee0e3a7,9eb56874dbc9dc7c79668b43296cb797bd73c24a0893f35ce1e847e4dd91a68f,160,160,1555.3125,0,paper-limit-strict-awarded-fee-v1,17773800c3fdeb2276b56abb0586fb93d460cd449fb507cab9f09703ef5a05d3
2026-05-06,2026-05-05,retrospective_reconstruction,settled,160,158,0.9875,7842.395,7762.975,79.42,237882.795,-57595.3899999999,36f558724c6ec7d9ca47ef00970d62025327805f38b8b7537ab306078388b666,a83914ca06e2dfbbded99a32d15f7179a29ef991c4464e4156d4e4694e5e893c,160,158,7842.395,0,paper-limit-strict-awarded-fee-v1,ba6007b7078adfa927b8198251ac8c13dd30461cd93392f137198f1b02aa5f14
2026-05-07,2026-05-06,retrospective_reconstruction,settled,160,157,0.98125,289.4325,288.4825,0.95,238172.2275,-57305.9574999999,9dd7476d9285241686af8a9c3fcae78c65b459ee6ca7a15a0b1541a6f2b1bc28,09442f3defdbffd1e94ec54cf4aba6d4fe977149568d6e3d11d22d0d035769c5,160,157,289.4325,0,paper-limit-strict-awarded-fee-v1,ae8b16152766734b8eccfa763aaa89f785e13fc350ca25685d03a11b100c03b6
2026-05-08,2026-05-07,retrospective_reconstruction,settled,800,776,0.97,-20621.7425,-15124.2425,-5497.5,217550.485,-77927.6999999999,d240a17dfeab79833feb364f212ef5b3efa802be4d728dfe47dc1871ae5d11d0,60b55c153559a288ae36676193b6f6c75dba5a7b0d4745a20e4f5b888bc05cf4,800,776,-20621.7425,0,paper-limit-strict-awarded-fee-v1,561f1bae2416da00ee90884dc45aca0560f897812710b8113766fdefd83adc4a
2026-05-09,2026-05-08,retrospective_reconstruction,settled,800,789,0.98625,18977.0425,22337.9375,-3360.895,236527.5275,-58950.6574999999,fda9b1f2cd474aa90340e13f040a4d6f516323bab0fded3b417169d59cc3d585,d78ff1abd3a374ef146faabfaf64e05501431b70374aa7512aea0b81d14044f9,800,789,18977.0425,0,paper-limit-strict-awarded-fee-v1,d9bf964ed6cc98b73eed55f73bc7398279d765d1ca7f18791dd039cb3629a31e
2026-05-10,2026-05-09,retrospective_reconstruction,settled,800,714,0.8925,5799.005,5853.0225,-54.0175,242326.5325,-53151.6524999999,2f3b8ac47b775d52c42353b7ae2a210627379b38f7fc57bd53e543e21e6e2bfa,3e6bc0fadf6b2a622903b531cb12cbbf5a879d703bceddb4c708faf681d9b1f3,800,714,5799.005,0,paper-limit-strict-awarded-fee-v1,1e626613a341aed14137ec25a58f9e0212ddb59dd27e1c50086019007a72f651
2026-05-11,2026-05-10,retrospective_reconstruction,settled,800,800,1,6616.44,6616.44,0,248942.9725,-46535.2124999999,28becc9b0fb82fd01b45448192ae57bd88a1196ba26aaed1e39833813698449f,5e8fedc5ba9751572f535692e2a1b759a16447dc559e5557c8d7fb6e4b794276,800,800,6616.44,0,paper-limit-strict-awarded-fee-v1,4b612686bf314dcd309d1074186f4ceda50fd02a61d5d926407dd3c88ca506bb
2026-05-12,2026-05-11,retrospective_reconstruction,settled,160,160,1,4332.145,4332.145,0,253275.1175,-42203.0674999999,74026046cd044b27fe7965938d59c813bd38d580003c386f10244ea87a33c22b,2a6dc996557b75fcbf4e6f54b5d5d04845aaf34df1ef1719e643046c30773f25,160,160,4332.145,0,paper-limit-strict-awarded-fee-v1,53126783fbe16fa31af306f26c09038a0589072806189658ae0e206b6bd1213d
2026-05-13,2026-05-12,retrospective_reconstruction,settled,800,738,0.9225,8137.465,7404.475,732.99,261412.5825,-34065.6024999999,1dc14eeaad995c2cfea80feb75258baca9246fc455d9de51f419bd8074e7f7d0,d904b40e14b1830bd02836be02e1d027e664e9878a96f22c573573f76042e5ac,800,738,8137.465,0,paper-limit-strict-awarded-fee-v1,97c006f442834c8687bd488f127643a8d2fc7e8731ecd6eb7f26bc995fe448b2
2026-05-14,2026-05-13,retrospective_reconstruction,settled,800,446,0.5575,-92.645,-1998.9925,1906.3475,261319.9375,-34158.2474999999,7237c4d64d2dfc73969e49f9fbfd9698550bae232a264a6965274b96b5b57fe7,ecb5f81ad13555a7b06c3775649b46704377c90fdad65741d11b0fce48f170a3,800,446,-92.645,0,paper-limit-strict-awarded-fee-v1,5dc01b08c5870f40fa17830e9fe59063ccc1dffce18df709a02acb14cccf3e5e
2026-05-15,2026-05-14,retrospective_reconstruction,settled,800,638,0.7975,-9347.2275,-12364.6425,3017.415,251972.71,-43505.4749999999,144af6114cebb343875602db7eb4c48925dfa83e91ef0e0afb2a13bcfe3d5ccc,328915ea38ef20fffb4b29b1a901b7507c78445a243ae605cd9754219135a1ca,800,638,-9347.2275,0,paper-limit-strict-awarded-fee-v1,75920d9a11728df5d0bf4872566d3e8c604efd877368642a3d91069cebb0a514
2026-05-16,2026-05-15,retrospective_reconstruction,settled,800,800,1,3962.865,3962.865,0,255935.575,-39542.6099999999,0efacddc8edcc8ca9fb2fd76063adb1435e8a554770a72219035d600c46c2689,7b810c256e4d89bed260d576c87ba476c0da905127ff4e17920fc0cbe1874e5d,800,800,3962.865,0,paper-limit-strict-awarded-fee-v1,b9b829afd7114abfcef6b2a575a38fc7e8c8a3130dc00253c0bdc20a8a9bbf64
2026-05-17,2026-05-16,retrospective_reconstruction,settled,800,756,0.945,3561.8125,3614.125,-52.3125,259497.3875,-35980.7974999999,59964c913a1f520bea4148e442f31299377c55b896df3a114cacae6ff7a38ffc,78f576db43fa9aba60a8af0cb432f733967bc7d28f8f088cbcdcfafe797e96d0,800,756,3561.8125,0,paper-limit-strict-awarded-fee-v1,9eea73049298387f1765edb0e853b37dc5b33dd1a0afe574fb814e6fdc1d81a1
2026-05-18,2026-05-17,retrospective_reconstruction,settled,800,653,0.81625,502.0725,1272.565,-770.4925,259999.46,-35478.7249999999,e25dab648383b89df49d379283e083229e120266669e0281f6cd5f4befe25e16,8182361502bba82768043cbc4e59c1d5e41a745496c8d997619e38730ec242f0,800,653,502.0725,0,paper-limit-strict-awarded-fee-v1,9555402902ae7d64fc56343632966b94d2f07f133f8c58bc6bb9f6314bf216ae
2026-05-19,2026-05-18,retrospective_reconstruction,settled,800,800,1,4848.135,4848.135,0,264847.595,-30630.5899999999,9979702b7a98104d2d51eb90bde9ed15639145c1042b57c3bf9e5707cab244cf,5a2f87933c5f64b2234209d10bb23cd3a977b990cebd22cb301f67d550442f18,800,800,4848.135,0,paper-limit-strict-awarded-fee-v1,f2518b5121afb475f48337f2d13d05aa7e872998c266a11ad48466d2c672f4ef
2026-05-20,2026-05-19,retrospective_reconstruction,settled,800,800,1,5542.8175,5542.8175,0,270390.4125,-25087.7724999999,c37b5a945d91ee6140d8e911dbd664778ccb5f88ae09933a1e2e6fed718b8012,f8f42507ae4bb903460c8d28a3e900bb3b64ce1ed50cff903a688af15ebc1140,800,800,5542.8175,0,paper-limit-strict-awarded-fee-v1,0588c683c86f66c5ba62c12451e77eee6c924c84a12d61b0b09083c057f8e4ba
2026-05-21,2026-05-20,retrospective_reconstruction,settled,800,800,1,2776.92,2776.92,0,273167.3325,-22310.8524999999,b7138bcec45bec295c81ca26baac651ddd4febf40e86af211e6d558f0b7e4d99,30f7ab44df78f57eda6ebd3113b73f8245b20fd3806db69f7c6ef8bb9faa2a64,800,800,2776.92,0,paper-limit-strict-awarded-fee-v1,d34b064a58ffce7897bc9726d63c8a66f57e703ee614778ec73bdae931000fae
2026-05-22,2026-05-21,retrospective_reconstruction,settled,800,797,0.99625,1777.505,1675.0175,102.4875,274944.8375,-20533.3474999999,fc5e6e6c5589154308e117a97c1842e334f622d1b46f1094532b3948568db53a,436b67fd1e9dbc270f974b7098de4400e8daa820fae788af3310955da2358375,800,797,1777.505,0,paper-limit-strict-awarded-fee-v1,75f7a7688c4baeeddcdc7c258e4c8e4a74999ccf1ba20fd3e8a314a66b4f2421
2026-05-23,2026-05-22,retrospective_reconstruction,settled,160,160,1,-235.235,-235.235,0,274709.6025,-20768.5824999999,61707d83631dcb86b51be2d12a19b41199bfbe5f021c7c6a3ed0251584c4e2bb,21541df201a983d5e4b7e40889d32df37cec22687ff50cc588105db48f6593fd,160,160,-235.235,0,paper-limit-strict-awarded-fee-v1,6f3b125fbeb5005301f4ecf1b5585205b4f4bed90076a5c6d1c932deca2ca340
2026-05-24,2026-05-23,retrospective_reconstruction,settled,800,800,1,8954.7925,8954.7925,0,283664.395,-11813.7899999999,62a025b24735be2009e7de86a27b35cf9bd97f0de89a17992cd13ea425fda384,cd9f8663cf234d97238bc6299bdae5562b110c6c9c7730828f8897418d93e43a,800,800,8954.7925,0,paper-limit-strict-awarded-fee-v1,625a5291678a60a0c087d640c117bad81ef9ba4707f7eec3a194c3ddf2071e4b
2026-05-25,2026-05-24,retrospective_reconstruction,settled,800,800,1,2601.6075,2601.6075,0,286266.0024999999,-9212.1824999999,5411cce9e7d90e1e6df0a78c913a4bf00a39dee0eb6ec666c2ebecd03a296c7c,3d1bcf04b77896820c8bb947c324c6ebb3802d8029c80a55707b47852e8acea1,800,800,2601.6075,0,paper-limit-strict-awarded-fee-v1,a0bdf30ba998831994ff6ec9f882c54fdc51b90f1d7dfa9cf1f5e9a837dcbeee
2026-05-26,2026-05-25,retrospective_reconstruction,settled,800,800,1,-9135.515,-9135.515,0,277130.4874999999,-18347.6975,ddf75628258655676717b5594d847e922dd9da29e8f38a95f1cf0340c50766fd,d7394f57939046759abeebb756c9eb805226517182c9c6a9f5ffe843969b291b,800,800,-9135.515,0,paper-limit-strict-awarded-fee-v1,fe275c1083d6d083b25dca3e73d45ee048468c9a83aa57830ded0c658d3f1e86
2026-05-27,2026-05-26,retrospective_reconstruction,settled,800,794,0.9925,-8801.3525,-8805.6375,4.285,268329.135,-27149.0499999999,774f5dd41cc13ef7ebeb7288507b59e82f4883a7df8feaad231ddfdd4270220f,e5579da5d34c9cf0699b2832c3b900634f1fd4008ee9fa0447d878bbc4da6521,800,794,-8801.3525,0,paper-limit-strict-awarded-fee-v1,f2435c3da0581f65ce5e2ea8b0c92346ddc3b9b97e00f847ad5461a58e6500a5
2026-05-28,2026-05-27,retrospective_reconstruction,settled,800,721,0.90125,2614.63,2583.3775,31.2525,270943.765,-24534.4199999999,47704c2edc400e69f8ccd001e0919a74fe6fc02b84f7464af9a801d4f14a3fbf,805ad61c6d6c00be2f490a8bf26414da323c940cafcc1f792b0a192db0d2a1c5,800,721,2614.63,0,paper-limit-strict-awarded-fee-v1,ef246c9047bf56c5d8ac8a1f3cc220a8c1f4cf96e582ba9d738c46c0eb930396
2026-05-29,2026-05-28,retrospective_reconstruction,settled,800,800,1,979.0425,979.0425,0,271922.8074999999,-23555.3774999999,1a27f47cf0a8eea805d96673199e8344f0a7c46439f8c52184cab53e82f409bc,9478ff8196489e3d88b70d26e71acabcec601f5b7501c99a1ebe82f47d903f3c,800,800,979.0425,0,paper-limit-strict-awarded-fee-v1,3e0151857d5f17f62629b9ea6be1d0fee99207818dac9413660d0b39763b7e01
2026-05-30,2026-05-29,retrospective_reconstruction,settled,800,779,0.97375,-752.565,-609.7,-142.865,271170.2424999999,-24307.9424999999,fb8b70cd23bc669bddac71bf8414ef69e2297838e03432018d1b99b4458f299f,123dbb58425e5c406d3ab01176a2bca83b61d324a2159f244bcbe3398be37d91,800,779,-752.565,0,paper-limit-strict-awarded-fee-v1,03edcff76600af57d75493481a92ae1293233de0e47600880d82e96fd43335b5
2026-05-31,2026-05-30,retrospective_reconstruction,settled,800,800,1,-5465.4625,-5465.4625,0,265704.7799999999,-29773.405,09487ba85365cc18d40438b368bcc06210697ecc567f1836370e0578172cbd5a,32da039e6d657f874fa3eec3ad4e21927e66781c43d3f9de35b628ffab2fcd23,800,800,-5465.4625,0,paper-limit-strict-awarded-fee-v1,d398e31b34a26e2f6ff8674e7b1a7a8dc0a61a3559c806968f704d99b2e4f428
2026-06-01,2026-05-31,retrospective_reconstruction,settled,800,800,1,-10395.8825,-10395.8825,0,255308.8974999999,-40169.2874999999,beca8d9fcdaf2462411f646c0d286fb3f4e0b1b30b10d033ba911325a2867a73,9026632387ca5d0b30a632134bdbf30d69b330f3cf408f12fbf69fcfbf64e21d,800,800,-10395.8825,0,paper-limit-strict-awarded-fee-v1,c1f54527a5469cc7d71b0e0e099c9d6ec9d0f79cc91ee32ce9d5e07cc0715a88
2026-06-02,2026-06-01,retrospective_reconstruction,settled,800,800,1,-7214.945,-7214.945,0,248093.9524999999,-47384.2325,a08474ff99fa2f522c4d2da192704afc6f307aaa09d7c286ffe59fe87dc1a5b6,531d06e94cd196302455897b3aebf8ee88e4ddf7385102a73aae2e28cab82695,800,800,-7214.945,0,paper-limit-strict-awarded-fee-v1,35d746eefb5c74e57212ac0dc44b4c8de1ffd176ebb3d1a67bb6befb55b43ff3
2026-06-03,2026-06-02,retrospective_reconstruction,settled,800,800,1,1914.5425,1914.5425,0,250008.4949999999,-45469.6899999999,cff39ec7473c24742110d3158e972a3722c69489ae487e9aa772565b35e950fb,1563ce9332329326e53c4e7d5b7fed0d0a84e55a04186f5711f6a2e7d0d05d2d,800,800,1914.5425,0,paper-limit-strict-awarded-fee-v1,8fc4b8ff420bbfcab18ff17b71236f274fd2c0004496e1a4513a19948ba71a3e
2026-06-04,2026-06-03,retrospective_reconstruction,settled,800,760,0.95,2036.115,1693.1375,342.9775,252044.6099999999,-43433.575,aedbff9c4f1379c2c025ffa74b2d8e11c87e20722ad689c409a8003229c9dc7d,9f807a1475bdb14192bffcfb669c65b5659850a7e46e8095fd199502e19340d0,800,760,2036.115,0,paper-limit-strict-awarded-fee-v1,5b6b11abd9c97fd8c23af4f1452e23d2269bcebb9f2356220ff1f6c4347a0c66
2026-06-05,2026-06-04,retrospective_reconstruction,settled,800,800,1,-4494.4425,-4494.4425,0,247550.1674999999,-47928.0175,67941f45a99f28b9b4ea2a009f811a5419f27425969f24bf481889726620bbb0,2f484e2d03f3b6ae88f13e6c8348afb8ddf3fa37c2077859694a3959c1d44fec,800,800,-4494.4425,0,paper-limit-strict-awarded-fee-v1,43cfec66b2dca580ff8de458b2c7bf6881c51b6e4589eb7fe18f81f93fcbe1cf
2026-06-06,2026-06-05,retrospective_reconstruction,settled,800,800,1,13249.955,13249.955,0,260800.1224999999,-34678.0625,720ccad4c5934d421faed748d144d79d22d2292f7d36400cb85a9fb80ae407ca,b563e2e730eb09b81ec7d43fa4794225beae74263caf33a9d43c5438d923aec2,800,800,13249.955,0,paper-limit-strict-awarded-fee-v1,dacdefcfd3a6ba02956d148e8fb4cad7568cd571caa7cc64902691ff54167fd5
2026-06-07,2026-06-06,retrospective_reconstruction,settled,160,156,0.975,3164.7625,3419.2825,-254.52,263964.8849999999,-31513.3,e06348556ebb44b1b0cc2cb011b6686e7680922cdafcdd98a4bffd946bcea446,686152721d7caef98294677b7845ebd5d7e503ca5c9e8a258e1dcbcf1c0c4800,160,156,3164.7625,0,paper-limit-strict-awarded-fee-v1,1b36e6fa502823106b3fb99cc694eeeb6b1ab73e026ba6dc8c48d8f534477a5a
2026-06-08,2026-06-07,retrospective_reconstruction,settled,800,724,0.905,5822.9725,6021.7,-198.7275,269787.8574999999,-25690.3275,82a57b7ee06e3a62806331d5ca559d2bbb6067e7a132cc8427e076f67c6603ac,8629aa57a56befb38c60c359369e68662f2fd7eb0ea740d51348bd001d30e062,800,724,5822.9725,0,paper-limit-strict-awarded-fee-v1,a4e8b0c43d85302874acf28b4d9607fd8386761d777221a4918bfa6a059cfcbf
2026-06-09,2026-06-08,retrospective_reconstruction,settled,800,631,0.78875,3687.6225,6807.5925,-3119.97,273475.4799999999,-22002.705,4509af569a245aa3358d17dd1dbb337d72f93a3210f61e3168577baa69202f2b,d1ef4d6ef292f47da7fde9fdf76f2f48b1f50d3de31d1e9231cab671ed8ea167,800,631,3687.6225,0,paper-limit-strict-awarded-fee-v1,89136f53d13fff033a797f41fa83f346be22dbccebf84dff03e30fd5af34f675
2026-06-10,2026-06-09,retrospective_reconstruction,settled,800,635,0.79375,8340.31,7861.4525,478.8575,281815.7899999999,-13662.395,b853c02347ae3ff969ff489b1f808d9e14b606cf824739227a39c716c56a087e,a87ff651b29070c36113c6d17b708b1b08613f85944badff9615079d37c5037f,800,635,8340.31,0,paper-limit-strict-awarded-fee-v1,f99953908ef101eed1d85193a921fc934c854dde3d52b17db701621e7dbd05e0
2026-06-11,2026-06-10,retrospective_reconstruction,settled,160,131,0.81875,-1041.25,-862.5725,-178.6775,280774.5399999999,-14703.645,016f53835dcfec76e00eace6c7429cdeb815165aab81ba9b4f733a5580ff8ba4,3b58d276d54f278e020f2647db9821ede6191da4b634cab4680438bdfd8a6f38,160,131,-1041.25,0,paper-limit-strict-awarded-fee-v1,229493c6649ddd6fae5aeedbd8467e26be6dd899c01afa9f50685647644f0b04
2026-06-12,2026-06-11,retrospective_reconstruction,settled,800,800,1,-11885.3725,-11885.3725,0,268889.1674999999,-26589.0175,ccd8c9278bdf945cbbc1d668d677b1c1d9bd851d89e0ca9108d8f510c64961cf,4898d4b6888a3684ae95640d3b065d95ffb8f5f118e7de7799f1418bd8fe86a1,800,800,-11885.3725,0,paper-limit-strict-awarded-fee-v1,796399f799015cc1681d6b0ee4b3b5dde78f27ce696ca8716c8666362552c7df
2026-06-13,2026-06-12,retrospective_reconstruction,settled,800,800,1,2517.92,2517.92,0,271407.0874999998,-24071.0975,d7807bae2cfb813c2d256cb0521f28e85f495c3a3d29220cb7e103d773849eba,6456ef23227839b50f73894f2c60a521bbe5d88538525f0dfbde8be8bbc006bb,800,800,2517.92,0,paper-limit-strict-awarded-fee-v1,c1b4699b11e63319b43313b7d5c37634fad189d2175efc1fe822f2052f835348
2026-06-14,2026-06-13,retrospective_reconstruction,settled,800,800,1,425.4375,425.4375,0,271832.5249999998,-23645.66,7e749a2a8b0343ab32c43b6e4414a35223a53c548e9070e31be2594aeb1e5759,afd03bb5a09bc85fa12c1ed167cf757ed21bc7fc04176ff642c4fbf9dd28aa21,800,800,425.4375,0,paper-limit-strict-awarded-fee-v1,bde76ace82d9bcd92066468a89c9c8bc817bbf36d75b4666873b9e18f9a51e3b
2026-06-15,2026-06-14,retrospective_reconstruction,settled,800,800,1,8362.8575,8362.8575,0,280195.3824999998,-15282.8025,227d040c54cc963a65f90adc90aaa4fe9d0c8087d796204967d6ba3a0d4610d3,1329100220d7795339d342546f624e23d719790c8e5f09136edb296f2eafacfa,800,800,8362.8575,0,paper-limit-strict-awarded-fee-v1,4df1305d615ea9d67de023b1bbaa8a24c8401e60ef567c8bb548d57f5d832852
2026-06-16,2026-06-15,retrospective_reconstruction,settled,800,800,1,9812.815,9812.815,0,290008.1974999998,-5469.9875,76c711b83cbd7c1005a8816da4c315778209cfb7d9aa31ac827e6d5b8101ecfb,e29ca0fbd012efbd38f92e4b99d44441b9e21b0b46182f925b029927c099dcf1,800,800,9812.815,0,paper-limit-strict-awarded-fee-v1,bbaa716158c5ef5634e9aa8280132c0a1dd0cc4f5a87d91735b0d90fa7c4d7f5
2026-06-17,2026-06-16,retrospective_reconstruction,settled,800,700,0.875,-2056.855,405.2,-2462.055,287951.3424999999,-7526.8425,c8b922cb18ab4290c54b633935e2de4e57c707a89e1f59dde705f40a9741be90,6cbd2bef2694f96f682534f8d0a7ea9fefde82f663ba47446d53e312dcc21716,800,700,-2056.855,0,paper-limit-strict-awarded-fee-v1,55dd1ae2e5bf0a249b9ec1ab56667e5eb48908a29d491c09239342b124e9a96c
2026-06-18,2026-06-17,retrospective_reconstruction,settled,800,800,1,9362.21,9362.21,0,297313.5524999999,0,67498fd7a975d607fb218ec430df4c89e9eac052e5bcb0dddcfc2dc84b0dc39b,3af241fe65428acb5cdacc3af5afd7f5f6553d33bf44fac31b7f4cda18dad001,800,800,9362.21,0,paper-limit-strict-awarded-fee-v1,28f7066b4ad7d1ceda921e19cdf5f9ffa8aa08d4e4ddec59d1f6fe4638fab309
2026-06-19,2026-06-18,retrospective_reconstruction,settled,800,775,0.96875,2522.3475,2321.535,200.8125,299835.8999999998,0,bf2ff1c981a2414eaabb37dc914eb47ddf907e0cd4f7c7fd25358fe67d25b602,2c96ea9d72b0d0c5a6d39bd744e14d362c577c51eebb1bc0b39cbe279ddcecdc,800,775,2522.3475,0,paper-limit-strict-awarded-fee-v1,ae5d9af8cfe9de7406617e17cee1f0dfc7e8a41d84ebd326a7fca239cff88c44
2026-06-20,2026-06-19,retrospective_reconstruction,settled,800,800,1,6479.1575,6479.1575,0,306315.0574999999,0,5957c85d97f4bfd8d92c27dad850d1b8836db1367f6991ddf34fca6f268e2721,d4c05125750aaa71165a95b51de0464242a2eb7d30e1904908ab5bfb59bce26b,800,800,6479.1575,0,paper-limit-strict-awarded-fee-v1,61940a06972f42f96988fe366d96b5394bfb7cf1911691e4237cf53f196b8546
2026-06-21,2026-06-20,retrospective_reconstruction,settled,800,791,0.98875,-7980.045,-8222.91,242.865,298335.0124999999,-7980.045,66d4900b2d76fb3c21dde20cbef48d7ffe2345d5ea4d738c0902639ce60f8529,9f8dc94537137762d482a7ed5687e7af1a9ce81d30609d2e9e195fae59b590c6,800,791,-7980.045,0,paper-limit-strict-awarded-fee-v1,1a54e7aa723df5b0a7e4856f078c7d12282d8c285fa3489bb451b8ad45afbec2
2026-06-22,2026-06-21,retrospective_reconstruction,settled,800,800,1,-3287.6425,-3287.6425,0,295047.3699999999,-11267.6875,2334b926c3bd91179d66305ce8fc07a4bec28106b35d7a2be7a3f624e24427c4,fbde3c2d07788f362ee2d2ddf8fe848e1a125ba9e3d2c7829fb27c5ceb5e0633,800,800,-3287.6425,0,paper-limit-strict-awarded-fee-v1,22fa6d7060075a80aa1dc8e8665c809b064bdd3096a17f8894e83211bee812ae
2026-06-23,2026-06-22,retrospective_reconstruction,settled,800,700,0.875,4743.8475,5481.1075,-737.26,299791.2174999999,-6523.84,4ed818567187a645dc54332bb18e8588318656eedb8cb1e43d49cd5914bc3db1,0ebe0eb50f09ec7d43dac9a8f86e9be0e6ca87bb6d474415c7dd61574ab7a728,800,700,4743.8475,0,paper-limit-strict-awarded-fee-v1,32c515fea513cccaf79943ce57dae587598806e36d222a1c8ea17b0ca9eca65b
2026-06-24,2026-06-23,retrospective_reconstruction,settled,800,797,0.99625,-1380.2575,-1380.085,-0.1725,298410.9599999998,-7904.0975,fee0cf8ab77e5ef971e3b43a6f25bfa06045aa950212b00fb220bb64c6beaa50,842fff3aa49bcc909295f60cbd66623133a9a02f907a717c085cbb71fbe79be4,800,797,-1380.2575,0,paper-limit-strict-awarded-fee-v1,49d6d8e2ae04f579cf52b0d63dbd3de48094638e4df22eee13e7aae6eb5df016
2026-06-25,2026-06-24,retrospective_reconstruction,settled,800,752,0.94,-4253.8875,-3737.2275,-516.66,294157.0724999998,-12157.985,5d001ec16d7f898e0408b4dd1e8bec50016d7d39aef3ed8b8453b1c0467570fb,40cb0c7e092014871e995b46238898c9083231b7f74573c448c000580c1d7012,800,752,-4253.8875,0,paper-limit-strict-awarded-fee-v1,5433b663b7bf555f8bb5c346e91a38be6bcbb0caa9f8c00726a39004ca65a304
2026-06-26,2026-06-25,retrospective_reconstruction,settled,800,793,0.99125,4744.0125,4901.7375,-157.725,298901.0849999998,-7413.9725,04a7533b212eca75d7af0891367b0248ba83deb727232fff00ce27f24e0df556,20c4fe2b155a466f6dcd800d184362852e28fbac6cf4672eb69bb731c88eacd0,800,793,4744.0125,0,paper-limit-strict-awarded-fee-v1,e9ffce9d18b605d508382074776fe8485be159e2fb6f73cdb19777274858ed87
2026-06-27,2026-06-26,retrospective_reconstruction,settled,800,780,0.975,2862.9275,3198.035,-335.1075,301764.0124999998,-4551.045,b573256a87cbb612b30df347f35dc32b71d677b9b44dcf0e7838606f7537cd26,67384b06aee87567fe21b7344b7441441206e44cfa77e0c2afc39a39f44bbb30,800,780,2862.9275,0,paper-limit-strict-awarded-fee-v1,a01a3f9be0202fbcbd450349efde81cfd1cc40ec5dd6d6248837a4f4254df8fc
2026-06-28,2026-06-27,retrospective_reconstruction,settled,800,764,0.955,3959.115,6072.435,-2113.32,305723.1274999998,-591.9300000001,d20f5909beb72a36ac56ac2ea1da089ca40d1bee3d2800d2a15861232017da55,811378b72898570ff4343ee1dfcd99e4bdd85650d07f0141d2610f2daeb0ec8b,800,764,3959.115,0,paper-limit-strict-awarded-fee-v1,52e1c0c465224b07850a5ecf10e8f9a137fda5605a37af04e12c9ea8c0ae91ce
2026-06-29,2026-06-28,retrospective_reconstruction,settled,800,703,0.87875,4410.63,5457.5075,-1046.8775,310133.7574999998,0,f8f556004fa109618fac91742636269f2f0198292e5c56c9cd249d599689657f,fa8cd03928ff1821d53cb008e2562cee820c6d4665ed6d84ffcad703f324fb55,800,703,4410.63,0,paper-limit-strict-awarded-fee-v1,7a35ef2c4a11c2849359af96db7eba55ce37bc18f6c6e7afd0d3c2c8f0f50732
2026-06-30,2026-06-29,retrospective_reconstruction,settled,800,631,0.78875,1985.125,1855.3575,129.7675,312118.8824999998,0,92875006414fcae7b8e012a0a651cafee6b8e7ba5672a08f5283768380e560eb,9c4e7b57376d073f677b108e5fb52e80d110f017caecdd2862cfc5d5453030eb,800,631,1985.125,0,paper-limit-strict-awarded-fee-v1,9c15b1c0a936d856a2b177ba9ec241209925abca557c1fc0115c1615fc85d319
2026-07-01,2026-06-30,retrospective_reconstruction,settled,800,800,1,2968.245,2968.245,0,315087.1274999998,0,6a5cfa3b6e612ca8d556c7b38ba6d0b8b4ec5499a308a3c4e4c91f519dabf4b0,69ca3dad990bb130fb56170921790b335685f7261ae9c06034bec988a57c9eb5,800,800,2968.245,0,paper-limit-strict-awarded-fee-v1,008791334cf6c431b65b56e9a53ddc36ba5cb23ae9a92d000ec2ba36c2b63472
2026-07-02,2026-07-01,retrospective_reconstruction,settled,800,800,1,8291.8175,8291.8175,0,323378.9449999998,0,0bf0fc2d9457b491857285e7ade404c8013dc259e82bc44c85f030383dea9c68,a2aeef87ec6c3fcf1dffad7c8f29ad06e6bc07390d51c3ff577039d6ac043c17,800,800,8291.8175,0,paper-limit-strict-awarded-fee-v1,ad70370927c0aa7220ecf7452f8706d116b1465ffd74c1f7f1e11011013bbcab
2026-07-03,2026-07-02,retrospective_reconstruction,settled,800,749,0.93625,6892.7625,6890.0125,2.75,330271.7074999998,0,13d667bcb2337633e4d7b74642cd596ded93a0b2c4a23172d5e7fa03d3e9a5f3,4ef7e3a200ec842bccfe2442d07a424d5e890c12c2cbe0e2cb5f9ad6b211c299,800,749,6892.7625,0,paper-limit-strict-awarded-fee-v1,7a805d6b824a2f6fd105787ba7972499dda8241fd6671f12a06b33c2ea5d5178
2026-07-04,2026-07-03,retrospective_reconstruction,settled,800,800,1,3788.2325,3788.2325,0,334059.9399999998,0,7c4ade6d2c1bdd7c2fad83ee010c4d8b8a8ded09076ea4599804fd38315f0b2f,187e2b3a9fb0720c0a345b66790c44e65c1eb111e947e128c2d2f52efcf6939c,800,800,3788.2325,0,paper-limit-strict-awarded-fee-v1,98fde270308b6ba6bbfddafa16d701eaa739e138253abb87674243fbae2a6fbe
2026-07-05,2026-07-04,retrospective_reconstruction,settled,800,800,1,2932.53,2932.53,0,336992.4699999999,0,5556413334c14d8411ec407ac9b0c261ded4b1fbd2e797eeb541159c6b84d977,3ca0250c8c25424deb8ecc992a0c7e17ccd583451c357c0aefccf431a8ea410b,800,800,2932.53,0,paper-limit-strict-awarded-fee-v1,12b64836efb391c1f54ea3bd34e0b1355d78d938370304660fc0965a9dae2fec
2026-07-06,2026-07-05,retrospective_reconstruction,settled,800,800,1,4421.2875,4421.2875,0,341413.7574999998,0,cfd31f323a215ff840364cf17a34b67252c6b610460110ca20368cd18d9eee5a,2201b18b4464e1fa2df7276bf70c976533e1ea5646d9d7521fb6e0a8f0d7a47f,800,800,4421.2875,0,paper-limit-strict-awarded-fee-v1,1eca1a9455bd89197da43119cbe6980009d60f2865965bd20442c306f99cb34e
2026-07-07,2026-07-06,retrospective_reconstruction,settled,800,800,1,1129.765,1129.765,0,342543.5224999998,0,e64a72936ca99e150447fe6cee3005cabb15eb815eb1e26e644c066bd0b10209,5b7e860ceab87e34c2a20627bb0e8ee438500701df66985d79479f885f7798f3,800,800,1129.765,0,paper-limit-strict-awarded-fee-v1,5a9329937ca5930bb1e98dc9249617e3e59842cad8922784a2a75fb68d969914
2026-07-08,2026-07-07,retrospective_reconstruction,settled,800,784,0.98,-2393.8225,-2075.4675,-318.355,340149.6999999998,-2393.8225,ae8dbea0f214fc9860b451d40be7ffa4cf58832fb1baf5476f545ad183ee4178,e84564eece27cd9ab2b9dff8d4338c4e5a933f51fbf5c0d9967407d6d2564c21,800,784,-2393.8225,0,paper-limit-strict-awarded-fee-v1,6bfbb7ad344ff1e4ff7b21bd127c2928e132c6bc9c37fa63d1e26b12ea05ded7
2026-07-09,2026-07-08,retrospective_reconstruction,settled,800,730,0.9125,188.6025,1176.8375,-988.235,340338.3024999998,-2205.22,6c3991225110618feb8c6bda765b0d041e68741b7e3a38c35dda3be7620cb860,d297fd784c8c0646e7c62310109692e989e5877ea8e3c4baed8c3f08c32f014e,800,730,188.6025,0,paper-limit-strict-awarded-fee-v1,c557b8faa5782c37748ea54f4b7ac12e36d0dfb4622e45bc65924db85e29f744
2026-07-10,2026-07-09,retrospective_reconstruction,settled,800,665,0.83125,-6009.46,-6719.6,710.14,334328.8424999998,-8214.6800000001,14349ded6b10b61842f6563d46efe1ee768d0e027bba3d30c89612daf3621411,6a18ab3124f9a44f44e1614c45eb706ab082a3eebd0a100a8d3165190d975817,800,665,-6009.46,0,paper-limit-strict-awarded-fee-v1,5bc5b4807c944924c5b2548c74e3a567135fc1acea705a53fe3e07e6d4a3e504
2026-07-11,2026-07-10,retrospective_reconstruction,settled,800,754,0.9425,287.025,247.5175,39.5075,334615.8674999998,-7927.655,14dc5738eb0edd70af7c24b4d903b2b30ab17768ab7284061f8665c438e7f700,e027047c63d6121e8f753a7efe11418448eb0840d173bffcf462df5469cf7ff6,800,754,287.025,0,paper-limit-strict-awarded-fee-v1,6eacc5ccbb91852e1c5d46719beaf380a6c9c59012352314062cbee9f67ab6e5
2026-07-12,2026-07-11,retrospective_reconstruction,settled,800,800,1,4853.2025,4853.2025,0,339469.0699999998,-3074.4525,6249edba052529d0d5686126abbb07fe23daf26dd29225841f44c833b3dbead9,9b978d0029d810d1bf765158f3b9735a1dc92be66328dbd4f243e66b3618e5ed,800,800,4853.2025,0,paper-limit-strict-awarded-fee-v1,027cefd7910744e59c248b8cfb27f285f2cb7801193fe15d5369f21983049c00
2026-07-13,2026-07-12,retrospective_reconstruction,settled,800,800,1,2773.955,2773.955,0,342243.0249999998,-300.4975,e3472ea108f71293f8e993097afc0080014d494286d2ffe8ab26dd6322a39183,960d3237cc19991a0d8c91dcafbb2ea2c8d4b3b17115e80a7de75ee59be44378,800,800,2773.955,0,paper-limit-strict-awarded-fee-v1,0f1d4a41009bf4e1a7aefefd42ef030df82bf898aed0489c2655dc0def8d80a4
2026-07-14,2026-07-13,retrospective_reconstruction,settled,800,800,1,9084.4325,9084.4325,0,351327.4574999998,0,81bab1c535c2e5d97bbd52dca343b891bd4ba54626cbb046c6938073ba4d056f,99ad7de95e5124b68616388e7ea43037de4881be3f25af0f52e4f67e8872dc76,800,800,9084.4325,0,paper-limit-strict-awarded-fee-v1,0e96b604a7c16be5f5e6a6c2e113758831c37386c9cc212dc6c005f27839bbef
2026-07-15,2026-07-14,retrospective_reconstruction,settled,800,788,0.985,-158.1825,-197.545,39.3625,351169.2749999998,-158.1825,ce7c8796a7af87d5c72237d38ac806b43d5656ad9ecd52257963b8f004fba0dc,f646e85e162e414cf0f6dfa63b7780f2077bb791c861aa9eb7974cad006310cc,800,788,-158.1825,0,paper-limit-strict-awarded-fee-v1,beaf26ab459867c026d216f1daf723abbb54f63696ea858dc0fa4d52034e462b
2026-07-16,2026-07-15,retrospective_reconstruction,settled,800,800,1,2128.81,2128.81,0,353298.0849999998,0,601c6f306f58c54da1fa7c516148aa80de9e0d7b7a3e0794a42addc5540ced99,04fa1eb847f5cc8048cb66bc260857244dc3aee536167dc5005b6939a541e57c,800,800,2128.81,0,paper-limit-strict-awarded-fee-v1,14f2d03250812acd188b5ba4ccca13b901abb3bb3416cc1fe4f20cf96a2e8bbb
2026-07-17,2026-07-16,retrospective_reconstruction,settled,800,800,1,-1613.2625,-1613.2625,0,351684.8224999998,-1613.2625,636862268e81d93ac261b9aca4d748f6265e6162e71eee2ed51bec53ce71e348,9ef742c37cdb6c60e06c016645ec1e3040fadbcd0dadc934b14c2069eeaf34c0,800,800,-1613.2625,0,paper-limit-strict-awarded-fee-v1,e2ebaf9c2bf79ed0cbe0bf6d832d5ebd47862d819c60e2ce5681170ed4eaa468
2026-07-18,2026-07-17,retrospective_reconstruction,settled,800,800,1,1229.8025,1229.8025,0,352914.6249999998,-383.46,71e793417e6521d9da1984764d18957d8396a59b779b2664f2724a5611a7490a,d8bd245471d090f08c34115227b6f6f88651019278511417940a1aa05d23e7de,800,800,1229.8025,0,paper-limit-strict-awarded-fee-v1,e605f4bbfca6bee51bf1349bfb271442f055788c9d89c89f03c71ea5a2434c13
2026-07-19,2026-07-18,retrospective_reconstruction,settled,800,800,1,2662.7275,2662.7275,0,355577.3524999998,0,8a125458ff750a1705fd056bd75836f444936d078ec124599404e653a9f16b30,55314f3fb9b8dc75f7d876365d18aea25efd23cd4acdc7fe497828c0a4522114,800,800,2662.7275,0,paper-limit-strict-awarded-fee-v1,f266dc0eb4d2649d482db2935ab8bcfe4a9abc4623cfa94ec626f22c4a56a23a
2026-07-20,2026-07-19,retrospective_reconstruction,settled,800,800,1,4937.805,4937.805,0,360515.1574999998,0,6262c69f017e64c009253d64b91905db0f1e2615dc897f2ceaa74670d2648c63,32347f3080193756b1988a0304e94e850215bc9b19ffe00b815cc91d51039566,800,800,4937.805,0,paper-limit-strict-awarded-fee-v1,481757eaa8f6849087698078def75fd7aec7a8a115a72a0d7ce7c1866ec8e051
2026-07-21,2026-07-20,retrospective_reconstruction,settled,800,756,0.945,1284.0075,1547.7875,-263.78,361799.1649999998,0,0c8414f1010f28fa6dad6a3b3b1f3303717e7dbdaab649ab74e61865ef82112f,82239275d33ab54ac3d0b91796583f135567a1b8126c1df349f4d37229a20ad1,800,756,1284.0075,0,paper-limit-strict-awarded-fee-v1,b24e61efa860513e1277a03ba6e4d6bd8efb9a33058cd8068f0037afc078d851
2026-07-22,2026-07-21,retrospective_reconstruction,settled,160,151,0.94375,-3846.01,-3274.01,-572,357953.1549999998,-3846.01,d5007220d82e7f057d1f525072cd98073eaeeff64533b2c1d66e05cbfd93d2d9,4c894d885e0f2a8196f072ed9c8e9be7f1f65917f9c1f28b015af2a20174240e,160,151,-3846.01,0,paper-limit-strict-awarded-fee-v1,29126d2cee7b9995b501f603b1cc30f8ceba2a34866ee9bea67e5954d489c977
2026-07-23,2026-07-22,retrospective_reconstruction,settled,160,160,1,-1606.84,-1606.84,0,356346.3149999998,-5452.85,678f5ddb1e2727ff57638d53be79be21b92e542e7d15c62a8a2fd4ede5d26497,07d1f07a92d78e08352710aaf26ca003491612c3491459ba8db779550ceab567,160,160,-1606.84,0,paper-limit-strict-awarded-fee-v1,0c13024c28819c15eadef9d8c15c98545e3c41aca7a73bbf819ea1a55219c308
2026-07-24,2026-07-23,retrospective_reconstruction,settled,800,785,0.98125,13243.77,13223.23,20.54,369590.0849999998,0,344b6f123b018af0abd49b6d1a672b51cd7a1b1927be9833395e456f64d594d3,c99ac6ef2bbdf8782ba129e7620d5055807f88af45195728be60a7ea00209ba0,800,785,13243.77,0,paper-limit-strict-awarded-fee-v1,1800656c7b2209a6ad48f41f9ec3fd3a0672a9e8dea452251ef3de56c8454232
2026-07-25,2026-07-24,retrospective_reconstruction,settled,800,747,0.93375,1576.6575,2487.4775,-910.82,371166.7424999998,0,a8e7956d4a5c3c42a82c89a69360cb01296cd16336db299f5598f1a26f500bd1,06439d80b9b470ae7d3c1ae74f04b1cc4dde2fd5f8ab5d8275b35b8ba5405c62,800,747,1576.6575,0,paper-limit-strict-awarded-fee-v1,264a5a18fe08472f6eef1a1a9378cf08dcb3c3f8b58d7aa703aed76371f43859
2026-07-26,2026-07-25,retrospective_reconstruction,settled,800,800,1,3978.075,3978.075,0,375144.8174999998,0,5e66f518a28797a37d40f46558189ae68e795687241c9b43b7b40e1adafe7f3e,9b961a82d22b3d3a8ae74678d7f073cfa71da0d90b33d05a09849cd98acaeaa7,800,800,3978.075,0,paper-limit-strict-awarded-fee-v1,58af46ba14bddbb687ba785bc63907ab6a084fe5739c09f1b5bbf08dd7ddbe56
2026-07-27,2026-07-26,retrospective_reconstruction,settled,800,713,0.89125,2866.3625,3709.86,-843.4975,378011.1799999998,0,dba7f62ccf25cd82543c1be700881b91327cdd8eb7ab0134cc29d663c544cf66,be5aaf0af803a8b67cb8c778fa13fb5ff36b622fff9d7d6e8178ba8ab88fe286,800,713,2866.3625,0,paper-limit-strict-awarded-fee-v1,886f27534acccfea3f7e4bf4e898cae527c4f4f38c4d232282a5315e3f8e9e6c
2026-07-28,2026-07-27,retrospective_reconstruction,settled,800,701,0.87625,1188.395,1831.995,-643.6,379199.5749999998,0,85e452c5b53e1889f8fbc38c13d74ad8c14fae9eb2b95ffb4b792f9bb7ee46d0,1baa56e34328d9a02699eb1c4e78974b03ecd7816cf24ff1b5fdba120b1bab9f,800,701,1188.395,0,paper-limit-strict-awarded-fee-v1,ba36ed86d7765c08cc17794af3eea43dc5407a948f241924a82542688b613db3
2026-07-29,2026-07-28,retrospective_reconstruction,settled,800,613,0.76625,5044.56,5493.645,-449.085,384244.1349999998,0,8ff3c7e58eaec1581c6ce98df1ac2573faa0dfef0eb21f420780fb535af907d8,8d06873a4c5484516b70ab1bb372b4e5bd75be5eb9aebe9e23823fc78a83548e,800,613,5044.56,0,paper-limit-strict-awarded-fee-v1,1ee0c2e7d11dedf802e1f695ee090f4e7e10fa4929a2d4d5e1126123e3608833
2026-07-30,2026-07-29,retrospective_reconstruction,settled,800,800,1,4902.6425,4902.6425,0,389146.7774999998,0,006a37bc54dd7b238593d276f75a695f02a25503ba33a039680b2154a608d02d,a11b9499e98461ff84c01d97b4908cccd50ed2e3792db11876704b1c50967dce,800,800,4902.6425,0,paper-limit-strict-awarded-fee-v1,8156904ff80d7ca1ea9935320b040ec03765e812cb2698c47f72f33368956bfe
2026-07-31,2026-07-30,retrospective_reconstruction,settled,800,653,0.81625,4888.055,4789.885,98.17,394034.8324999998,0,46b114f0b8309bfc00d0d800bebae622ca9620e32e732bd764ad049fcf4a58e6,d309a4bc417a2c0ca0f7184a8d710d7c4a45388ee7ea06802c42fa95ab0d016f,800,653,4888.055,0,paper-limit-strict-awarded-fee-v1,de9b3445320ecc2fed543f389d7c0444c76b2dbbdf2572d9b8a5b467ac63eb81
2026-08-01,2026-07-31,retrospective_reconstruction,settled,160,160,1,-1586.2025,-1586.2025,0,392448.6299999998,-1586.2025,ea2d721ee21aeb07ebd96b4eb14117f8460db0cd962e5ccee669f3716b257ccf,0b4e9b5c756995e6b5807af8e999fad659d904e388190c6bc7b7dd26e4eb4427,160,160,-1586.2025,0,paper-limit-strict-awarded-fee-v1,e691c1784e8f2f134da849219abc559cdc33d6a129c4af5b85a1eb07407544c1
2026-08-02,2026-08-01,retrospective_reconstruction,settled,800,800,1,-9548.14,-9548.14,0,382900.4899999998,-11134.3425,3619deafc9e55ed11c0b453721ec788af0bb63222d2dafb29dadf03299580309,1cd8278cc4994acd9ea06fea08e54e258c0b240e0c651ad9134200a0985c7b61,800,800,-9548.14,0,paper-limit-strict-awarded-fee-v1,2dae4b2235a4a79891d5683a9286f0b07511a261ba5b919443b6af3086129a42
2026-08-03,2026-08-02,retrospective_reconstruction,settled,800,800,1,6970.695,6970.695,0,389871.1849999998,-4163.6475,2b4780623bf83ba0da62455ac07555cee55675cd0ef60dc7cac0d0c7775b2684,685047dd9dc39c151f385c6d0b29f6f55efcc093df9a7873b9424d7c7298fcad,800,800,6970.695,0,paper-limit-strict-awarded-fee-v1,47d0bb519573b67ec919b2f9f8eb91b93d5d59fc033a545fcc966007de8f6cc7
2026-08-04,2026-08-03,retrospective_reconstruction,settled,800,798,0.9975,2953.63,2953.355,0.275,392824.8149999998,-1210.0175,5eca39b50516d55051b629f84f20361d9fcb587c293127c71d96f54c5f415f64,c6800277bd55ed5d6525088fe7c8d49386a22f8e752b94526560dc82d3502a10,800,798,2953.63,0,paper-limit-strict-awarded-fee-v1,b4e23adb82fb982b4791eb0bce3b8e0202afa2321a0fbfdccff5311facc8c80e
2026-08-05,2026-08-04,retrospective_reconstruction,settled,800,800,1,-6427.5675,-6427.5675,0,386397.2474999998,-7637.585,42c844af94dff5c4dc8ab2c2cded19062c4450f7f19672f7ee558d6cba07332f,72074fd826f67097e6bc559eaf27e43d15b3fabb1babe4f9883152b90ada7d8c,800,800,-6427.5675,0,paper-limit-strict-awarded-fee-v1,30e500981a63e37380f96a3fa523636e7fb9cce0dfb505b69f85303ff59e455a
2026-08-06,2026-08-05,retrospective_reconstruction,settled,800,800,1,-3390.9825,-3390.9825,0,383006.2649999998,-11028.5675,da1b0f2762881aa4a7d207c5c2d653507d3c5c51b7ad9caf928565d9ec8961c9,694edbc05d2cf7ce94aeeae8ed40e367b87ecab41dfbe925942e962d00d27db9,800,800,-3390.9825,0,paper-limit-strict-awarded-fee-v1,5050e3748bdf2e9d1245245fc14b4a5230e9ca06f6e2e00887cff656418866f5
2026-08-07,2026-08-06,retrospective_reconstruction,settled,800,800,1,776.33,776.33,0,383782.5949999998,-10252.2375,8927d4b7c443724d9abf094e02d13f193c38339ff3459f786cb38fa11a835623,c8ed36bcf3e470f07de7193617c63a0be395fb6a698457a3c18e0ac856b91d3b,800,800,776.33,0,paper-limit-strict-awarded-fee-v1,b680d4903de6a98b7711e6c3a011948ea9e2682e000069fbacdeb4d5a403cf78
2026-08-08,2026-08-07,retrospective_reconstruction,settled,800,800,1,-14839.9625,-14839.9625,0,368942.6324999998,-25092.2,487b953a9ec6c5509315780681612018e2cc06f500f7c7821f68e41f8d4cd647,4052dcddac6ced0b0abf6541d58856c9851228401aecc0022e5cabd4045c4fc3,800,800,-14839.9625,0,paper-limit-strict-awarded-fee-v1,985d4fe41ec80e7800a973697006f82decf8ae5fa8e41da305c00ff29f1fbef1
2026-08-09,2026-08-08,retrospective_reconstruction,settled,800,800,1,172.695,172.695,0,369115.3274999998,-24919.5049999999,b0c34516a56bebc0d2b56c26002fd90f8b622b9a834b78b4ab9ac97fc932b25c,f2c2fb1d4cff91aac96f7d4583a2a5aecf664dad1e1dd99432db7f906785f1e5,800,800,172.695,0,paper-limit-strict-awarded-fee-v1,fe2562297ad73ff129c9a3ebd3a52fc8262c5300d305d0cf885de243812bedd2
2026-08-10,2026-08-09,retrospective_reconstruction,settled,800,800,1,5024.825,5024.825,0,374140.1524999999,-19894.6799999999,0e7e5e20b61a956460883fe14b8088ae8cc3b0eca82d995cb2ec38185d256e96,47927cda939ec173cbd8917243ecd3e90fb646af2a39e1fd89540c23e27e07ba,800,800,5024.825,0,paper-limit-strict-awarded-fee-v1,c212d90afa1608e75deba2a6badb40a525f7df66b5c7c0457db7db6b262832ea
2026-08-11,2026-08-10,retrospective_reconstruction,settled,800,800,1,2913.655,2913.655,0,377053.8074999998,-16981.025,64b01af644c09131c79cb461431d5843f19e04460ca064775153a8bc00b8d635,75f23bdba84327313bc8309d0fc3d0519c021d72b7b51e461151e278a03df8db,800,800,2913.655,0,paper-limit-strict-awarded-fee-v1,d5f8c44d26db308bd52e0cb44262b85730b275c498bdc9703ff8aec2a1e2fa14
2026-08-12,2026-08-11,retrospective_reconstruction,settled,800,667,0.83375,844.43,1315.945,-471.515,377898.2374999998,-16136.595,6d1149b552c237b32c2358a5b50621c02db6ab80588827dd2da48d5ca99a1d28,6fe44dc27e15d6edf9a2d690752be9f09eb34393d4b51a3dd295c944d195ec3c,800,667,844.43,0,paper-limit-strict-awarded-fee-v1,3d6ef22d34970678622f69c789079259d1fbe78d3eb6022e3ae63ea70389057b
2026-08-13,2026-08-12,retrospective_reconstruction,settled,800,800,1,1445.765,1445.765,0,379344.0024999998,-14690.83,40e221dac20d7f9e29e71a5b6e1d47fe24436c99a427383bb20cebb183702ae1,e12e791009487fa77102c56bd097c39cc20ab3a913ae95363334e7d51e28f3ca,800,800,1445.765,0,paper-limit-strict-awarded-fee-v1,c9f21c69b98ae5de2cd78a5b3f2ed458a07d0232fd94bd3825f8b3dd490247f1
2026-08-14,2026-08-13,retrospective_reconstruction,settled,800,800,1,3653.7825,3653.7825,0,382997.7849999999,-11037.0474999999,6847d9b2e606e1b64d93dbb326f7968290fdf234b351e5d75bc8cb33960ab27d,85a5bebe07357dc0de81703c92fc4497a80185c5e0a656efffb6ef0fa327f3c7,800,800,3653.7825,0,paper-limit-strict-awarded-fee-v1,296e9b1a7716f687e231bdb41961220731db23ffb130c1f6d76e8d94da55eedf
2026-08-15,2026-08-14,retrospective_reconstruction,settled,800,800,1,-11650.7325,-11650.7325,0,371347.0524999999,-22687.7799999999,251295fffabfc4f04e57746eb7eb99c9d36b00bdae4fa2b9ee4ce09faafb40df,5e766a35a424e07cb37b2e2a15513a6aa3d952a1adb0caa6b6947f2b5a17f79b,800,800,-11650.7325,0,paper-limit-strict-awarded-fee-v1,0837138c508b85cf2e3bd20efbffa8f462055ee1b0dfd2f2916afa3ba6b05b9f
2026-08-16,2026-08-15,retrospective_reconstruction,settled,800,759,0.94875,-8377.6925,-8178.9975,-198.695,362969.3599999999,-31065.4724999999,2820a2529d615bdaf3ef964a70a0dd0a3a01e02307865a81be3903eb4b118acd,94661252bb5b023c8c8206977edf514d130cfb20f3c7893ac7152c4a07c6fade,800,759,-8377.6925,0,paper-limit-strict-awarded-fee-v1,fc4e04eb86ac2cfaaf2ce1024e80fc14048f6f05c2739b71ad2a39f15df311f9
2026-08-17,2026-08-16,retrospective_reconstruction,settled,800,800,1,5442.4375,5442.4375,0,368411.7974999999,-25623.0349999999,c906bfb2b4ee68c0d8c7e6bdcc0eabe4a42d0b08877afe5ac1444a4a825e3950,a5211d1a4b8e131a9516d35a802a3d709618204017a6dd595dcbfb7c2c139792,800,800,5442.4375,0,paper-limit-strict-awarded-fee-v1,31bb9425655b63ac0f5a92bc936ab311ec4a04bf741f201f2a9ef915b40a6c38
2026-08-18,2026-08-17,retrospective_reconstruction,settled,160,160,1,1751.9775,1751.9775,0,370163.7749999998,-23871.0574999999,7e353abfc906b20b9f83dd8c967d5898e2f194961b7c5c0cf2296e01b8145395,99e5827841c48323b9950f915c9ebf9a17308b74a6bc565f3a51dd45c14b3a25,160,160,1751.9775,0,paper-limit-strict-awarded-fee-v1,a4b28df2119b0d7526c8a9b17aae8320d2d8afc06e8fa613b0cd59479f5a3942
2026-08-19,2026-08-18,retrospective_reconstruction,settled,800,682,0.8525,6776.1225,6502.6175,273.505,376939.8974999998,-17094.9349999999,9ab7a8c4ec022fb05a253cc7e17b918d8f67d60966874986947ecd27b1797576,85792b0ad12bbabdfe0dd438b6135865d86efaa8d04a7f151c4e6bb981436af9,800,682,6776.1225,0,paper-limit-strict-awarded-fee-v1,b8336c5c21fe236945cb1266a85fe16d118bd1526cc42b1d101093020be1fd56
2026-08-20,2026-08-19,retrospective_reconstruction,settled,800,742,0.9275,3222.23,3130.8175,91.4125,380162.1274999998,-13872.705,87134f564afb5b7fd777830cc8a5f77ae21875decac231284af798684f78b054,a24bd2640c3855c256d2587b72112a3b09b6e4e99e31686d532bf8b712e7a41c,800,742,3222.23,0,paper-limit-strict-awarded-fee-v1,35b5b1f10b941121c07715b4c7403c1b3008270e6b33da2a811d0a20f7794dff
2026-08-21,2026-08-20,retrospective_reconstruction,settled,160,160,1,798.4575,798.4575,0,380960.5849999998,-13074.2474999999,d62e333394adc95ae3a731dda99c12b1fa0586720aabb9089dee3736da064417,f469ad3be893f84539ac838330a1c7f1824ae5066c655d740a5958e6595bf31c,160,160,798.4575,0,paper-limit-strict-awarded-fee-v1,eac9923ba7e29ea0732f16c36908abdd3774451f2562ea7db395e9f6f0d1a998
2026-08-22,2026-08-21,retrospective_reconstruction,settled,160,160,1,-362.745,-362.745,0,380597.8399999999,-13436.9924999999,b869ce3ed225eeb16e7ed8aea58ad7460e0d640316b0c1a54405a952e33693d1,550fff97fb5f7e27fd6f245a4bd1ae45905fa6075d04c42c21f290d8be39c653,160,160,-362.745,0,paper-limit-strict-awarded-fee-v1,0771a4d867d2882ce8f6663e39631d8cc635df1ab114d4124c11e9dc65978ed1
2026-08-23,2026-08-22,retrospective_reconstruction,settled,800,800,1,1350.8275,1350.8275,0,381948.6674999999,-12086.1649999999,37675df1315db603e4b9dff3813ac7175bdb37fb9fe1ff2b60e9e23a92daf715,7437bed8cecea92650b4b47289958dd1552dec50c8ddc5f477e92009ad992633,800,800,1350.8275,0,paper-limit-strict-awarded-fee-v1,09f556542a77a311bf5965df9d742094a70c444520ce06e7ac3ca3a3d9ce931c
2026-08-24,2026-08-23,retrospective_reconstruction,settled,800,800,1,2892.4475,2892.4475,0,384841.1149999999,-9193.7174999999,5e4d325695ff21c9ce1edc67447d5fa81332cdc32de18680dae6a924c57c4051,edb9c6fd18d16abdf172f4d64afd25fdc678e774f95a187a841b32cc66d7202f,800,800,2892.4475,0,paper-limit-strict-awarded-fee-v1,8ea7f162e68656976e5148ca8ac7631406c271f620ebbe0ebd4f72877f067924
2026-08-25,2026-08-24,retrospective_reconstruction,settled,800,800,1,-648.68,-648.68,0,384192.4349999999,-9842.3974999999,5bc051f21c3410075b6c5151dbf209e0b4374e657cf0723b82325795db8279b7,a9dd46ea0804d115020a238bc5cd816085c9fba265e03777665fba08d93200a1,800,800,-648.68,0,paper-limit-strict-awarded-fee-v1,6d35ea590cafd9b062b667fca8c542bf055345c23b412c6b0f18eaa7499e39fb
2026-08-26,2026-08-25,retrospective_reconstruction,settled,800,780,0.975,-53.555,-56.955,3.4,384138.8799999999,-9895.9524999999,ced4cdbbf85565a70ea7c3b6745ba13c58cf7028aa17446b79b393619a1d3a53,520e8870004fce2649471f4cea88a2bcbddee909f0a2dbe84eb8d1aa0262b547,800,780,-53.555,0,paper-limit-strict-awarded-fee-v1,fa343c822ac513b6d600d122aeba42c44e61269c608b9005a0484866c26cdd50
2026-08-27,2026-08-26,retrospective_reconstruction,settled,160,155,0.96875,382.815,376.255,6.56,384521.6949999999,-9513.1374999999,1104ef6d90ca9e513c180c73f2faa604603ada1e21778ef2e4d46b04f317ab2f,6f092b8af771a6a4d81d3868e53ee02ebc784a2994dd4cee5ccae5211a91d6b4,160,155,382.815,0,paper-limit-strict-awarded-fee-v1,9b36922aed501e7659fcb7ef5b3a816b30be6d1904415182b8b5d2b2af48e338
2026-08-28,2026-08-27,retrospective_reconstruction,settled,800,800,1,16966.1875,16966.1875,0,401487.8824999999,0,12b9c974922821ed26acec1778eedbc83c2df4416dfa1e61c5c4b21b949d2dff,21c2fd023819959a15b9bc9c9dd82bd589a28ca17e9ab518752497ec2319a719,800,800,16966.1875,0,paper-limit-strict-awarded-fee-v1,cd21a8aaec73eda76e21559c9b41359443a43b584cdeebdd5f721f5eb08b0dda
2026-08-29,2026-08-28,retrospective_reconstruction,settled,800,800,1,10247.45,10247.45,0,411735.3324999999,0,6f16cefb36cea2521071fd61960ddd8e31611f9c1cfc8a06cf9bcebf8beb723f,12a708eabb1b46fc6e7701f1a4640864a2b79bf7838914a3cae0ccd97d0b0d6f,800,800,10247.45,0,paper-limit-strict-awarded-fee-v1,d3dc9c15bb4d294f6b532e1e914eb4dfaea8cf1171ec5449e2fbabd2a3cbbed2
2026-08-30,2026-08-29,retrospective_reconstruction,settled,800,800,1,2965.2975,2965.2975,0,414700.6299999999,0,d2bcf307b850516e017394679dbdb1e86b4318e8741631963399528c2d2889e6,4266f1aa55fd602a9eb941e15f7512adf0355aab736202f5379ad67d86c3db29,800,800,2965.2975,0,paper-limit-strict-awarded-fee-v1,6e6d4f8feef7c4ee10179e6b4a49752fd114b69719f035452af8d18fa3ead453
2026-08-31,2026-08-30,retrospective_reconstruction,settled,800,800,1,3159.685,3159.685,0,417860.3149999999,0,b3bb67082d918c3399146556e65f421861d27b84980e87d45ab064d119763ab5,38a8b82252319772987970b2566d8cceadba7aed41ef054c7ecc2cba6e4f271a,800,800,3159.685,0,paper-limit-strict-awarded-fee-v1,4e2b4b5ce4633e03cfd4e8704322057292fede4335a222fb60c28ff67ebc9de8
2026-09-01,2026-08-31,retrospective_reconstruction,settled,800,800,1,6069.47,6069.47,0,423929.7849999999,0,e361b44ccad44e4bfb2369a9a65bb3bb8fa7a3ce91466912e89fffdb3e1f8693,063b4eaf5e51041ff0258a0563f416b92f080f224af235fac2358eb78969abaf,800,800,6069.47,0,paper-limit-strict-awarded-fee-v1,d29f21057c78437aef85c2cc8eb488b30eb17e951f6381ca5e9bbd5774016ad2
2026-09-02,2026-09-01,retrospective_reconstruction,settled,800,800,1,6391.205,6391.205,0,430320.9899999999,0,84a3fd01796b12788bcbcf83ee0f5bb3ff33e30cf06ae34868894fd1e4c6489c,7c6b84c8958c01bac949ca65a7fae3e1284908e249320435d7d4ad312b5c7d98,800,800,6391.205,0,paper-limit-strict-awarded-fee-v1,6ac7dbb383f89505f6aa2c441e388b32a4e8ef889f0e33f55e6297e2891cade4
2026-09-03,2026-09-02,retrospective_reconstruction,settled,800,800,1,-1487.8,-1487.8,0,428833.1899999999,-1487.8,dfb760f103c700d5105b12aa9a7ed7fe70742dd15c80f6d9a213b63ae4942139,8b623992e837b889eafb8df6562c2a5d9cfd4a53671085a6ace888e71397d420,800,800,-1487.8,0,paper-limit-strict-awarded-fee-v1,8396648fbd685d9515cd27397ed5a70b019f44620c2fa744df715e4fa579c1ba
2026-09-04,2026-09-03,retrospective_reconstruction,settled,800,800,1,2229.17,2229.17,0,431062.3599999999,0,e59442bec6e8933ad473e46aa2cecd5e74369c28ae39f50a61708b5ea8abb91d,c374cd9e6271b266b133cb28f4e3676884ac6340b516405e302a085f81bf76cc,800,800,2229.17,0,paper-limit-strict-awarded-fee-v1,854e283cc9c12d3a503f19be7147c69e1e7124785f74dcbc0956acb2646a7234
2026-09-05,2026-09-04,retrospective_reconstruction,settled,800,800,1,4250.72,4250.72,0,435313.0799999998,0,6ace6ec46be9c7aa54535086364837f517cd75707ee34ae9ba78ac7ea0062c41,15b43d4a3bfca5dbc2de0060b81a8fe9c33f0e132c6da436be8426782c53cacb,800,800,4250.72,0,paper-limit-strict-awarded-fee-v1,15205ac6cb44d218b4cdc572cb1a34b373077051c75377e67b95e97608d90119
2026-09-06,2026-09-05,retrospective_reconstruction,settled,800,800,1,5822.1725,5822.1725,0,441135.2524999998,0,8af14abe1dbca45356bb52b3c0d53ad7b10c32115f981c9cd6cee24d1c1f7f27,855452625c06cddc316b036b32eef20fb2cd47f8efe1a7fa4d19f51541e6848d,800,800,5822.1725,0,paper-limit-strict-awarded-fee-v1,1e19471604d463120a9c4718d7fb2073ab2b269a86d8b484f512bd8a78278ab3
2026-09-07,2026-09-06,retrospective_reconstruction,settled,800,800,1,5605.235,5605.235,0,446740.4874999998,0,a795303ffadff155a26cd9bffaf0bc705cda87ce9540194b3808f8ac6dac1362,2a29b351c9deb1fabd0f7f5b52ca6cd6b84e021d53e4968aa9413056f9b6a294,800,800,5605.235,0,paper-limit-strict-awarded-fee-v1,57e1714c5a6fcea1e8d3ecb0275ae54b9029d637e2e727579414a03d0761f889
2026-09-08,2026-09-07,retrospective_reconstruction,settled,800,800,1,3120.715,3120.715,0,449861.2024999998,0,598d7f32babd7b8c836e127e3787ff73d6239b41db98c52028a8ae67078603fa,152fe674e8b8aae16235bf14e4078df7c12ce1c777de4b5b4037a2403d40aa57,800,800,3120.715,0,paper-limit-strict-awarded-fee-v1,ae0bef6f31170a1eb352e7bf1bc73fa3cca248367c6e1af35b5c829a618311bb
2026-09-09,2026-09-08,retrospective_reconstruction,settled,800,800,1,1743.965,1743.965,0,451605.1674999999,0,7ecf2cfef528bb7d4d14fb2228f07f88939f99c10183f16bdd8738d3b5981d8d,b2181aefb5344098f4979c1765340409d21f84721d7ad0ebc5b35aaaf8dc0c96,800,800,1743.965,0,paper-limit-strict-awarded-fee-v1,565b61d75633691d15742aafb678b2c3744a396d75f77666f55c44c65a0b2b30
2026-09-10,2026-09-09,retrospective_reconstruction,settled,800,763,0.95375,3079.945,3079.945,0,454685.1124999999,0,79f32b1ccc7f20370347fe630e8d3bd6b04d56d84aeedc3b2c71a6c64bc3770f,c8f9af45007c417553c2e8ddedbc408e4fe95d7e8c669e8e6d1b4c6ce193ddc5,800,763,3079.945,0,paper-limit-strict-awarded-fee-v1,1fd50ad9d980464e8e012ee71ffeffd0c9abde1e715d2fa97faed1d26b16e6ab
