period_start,period_end,status,calendar_days,settled_days,pending_days,unavailable_days,modeled_pnl,mean_day_modeled_pnl,worst_day_modeled_pnl,awarded_mw,placed_mw,fill_rate,proof_id
2026-01-01,2026-01-04,settled,4,4,0,0,7457.655,1864.41375,-3591.035,2823,3200,0.8821875,78660feb8c8a327815f3bcc70cbbbe6ae0ba5cc718998b519e58d03c0b33ff46
2026-01-05,2026-01-11,settled,7,7,0,0,9516.1275,1359.4467857143,-11504.02,3784,4320,0.8759259259,f0d5cb5b83c0f89502985af99208351d557cc2df2581caa68cfc0394bd6e5d23
2026-01-12,2026-01-18,settled,7,7,0,0,-3328.965,-475.5664285714,-9227.2175,5263,5600,0.9398214286,a1211a3c3f6211bface2b1eb1923d1590995b9238c6a47497b7a13d0a19e9236
2026-01-19,2026-01-25,settled,7,7,0,0,92886.505,13269.5007142857,2335.0875,3564,3680,0.9684782609,28fce50a7d51d4eca3d694c8bfc2c2ede37e30b7dd2383325f0ee869cbb42f82
2026-01-26,2026-02-01,settled,7,7,0,0,123753.7675,17679.1096428571,-16550.42,2242,2400,0.9341666667,bc1c1d5b05cced925fb7c1de384494045505a0b3d31546409ef808c8e5ddcaa5
2026-02-02,2026-02-08,settled,7,7,0,0,-23919.2699999999,-3417.0385714286,-26266.5225,3614,3680,0.9820652174,2fe8dbadfca224ee02540711286e07737a3c593968bf46e1be8d41c3c9aa0da1
2026-02-09,2026-02-15,settled,7,7,0,0,46566.28,6652.3257142857,-496.015,4627,5411,0.8551099612,d1c4e8667c82c8af22aac07872a606cb73b4513daa6112ff9bfa7def10481509
2026-02-16,2026-02-22,settled,7,7,0,0,22907.6425,3272.5203571429,-1496.915,3917,4581,0.8550534818,957c5acb29f5a2518f81447e7b81780baa6130080823a3a6ced2ca936f5b785c
2026-02-23,2026-03-01,settled,7,7,0,0,6696.4225,956.6317857143,-8243.945,4437,5600,0.7923214286,596541f3af0064f1c653740ef9af0d3a738af306570fc55249925bec79db62c9
2026-03-02,2026-03-08,settled,7,7,0,0,-28811.79,-4115.97,-12275.6125,4614,5600,0.8239285714,ddda89c38e91a2e95e8d743d23896e0ab4add50d98ddf7f47460c0e91f905325
2026-03-09,2026-03-15,settled,7,7,0,0,18488.505,2641.215,-7358.935,4323,5600,0.7719642857,d717ee5f2b18cf905243d8e7855c20cb8a542140db5abdb1e967dacdec8a58da
2026-03-16,2026-03-22,settled,7,7,0,0,31004.01,4429.1442857143,-4377.265,2570,3680,0.6983695652,8e730dffaad4e20ecd486e0455da749f1b6e1de2fde4cb4b7ff7b31dbacaf357
2026-03-23,2026-03-29,settled,7,7,0,0,12909.525,1844.2178571429,-310.585,1014,2383,0.4255140579,0d044a51f17af9692c85fbd6c2efa4061400e82c84af13ef2b44b2aea9fae4e5
2026-03-30,2026-04-05,settled,7,7,0,0,10864.885,1552.1264285714,-5465.36,2742,3929,0.6978875032,b107a3610d6088df34cb5600f9028c40e0f4a11c9c3148a6e218ea1b7be5daca
2026-04-06,2026-04-12,settled,7,7,0,0,10294.1325,1470.5903571429,-7657.06,4283,5600,0.7648214286,a8221b8029697b08298e27b207f71e7e6d03cde0bde2799de11513f0ad67fe10
2026-04-13,2026-04-19,settled,7,7,0,0,-13826.59,-1975.2271428571,-9690.375,1745,2790,0.6254480287,c757c0763674ced02cea1672a65e32ac3de655c31eccd266fe6c4db51a2e848c
2026-04-20,2026-04-26,settled,7,7,0,0,-26262.965,-3751.8521428571,-28904.7725,2792,3680,0.7586956522,ba984eac422f4fb70cebee473210bbec61db78a512dec15cd2b329ecac771f13
2026-04-27,2026-05-03,settled,7,7,0,0,-5307.66,-758.2371428571,-10056.96,2954,3040,0.9717105263,44af71506c7518684f6e5cc8885aafe1d9aa72828839ac009bf56cd7ac39a68a
2026-05-04,2026-05-10,settled,7,7,0,0,-4157.0125,-593.8589285714,-16391.83,2848,3327,0.8560264503,fc8c652de0006f5932734c45c0ce38037f32dbea3b701f8bd3620628f2e8e755
2026-05-11,2026-05-17,settled,7,7,0,0,9828.325,1404.0464285714,-8760.055,3805,4658,0.8168741949,df54aa5de7ea0294c058510f0d408aaa4be1c5c95d857cde32bfee733e02c29d
2026-05-18,2026-05-24,settled,7,7,0,0,23746.4525,3392.3503571429,-2479.3225,4470,4778,0.935537882,5a30a32c28c07f371adfbfa32ad81b714c85432c080f18152ad7397faea197f0
2026-05-25,2026-05-31,settled,7,7,0,0,-6094.7125,-870.6732142857,-7864.2225,5403,5541,0.9750947482,f6085c2f96939ad690a9d4303de05578a3f896737e4944d65ad6a5f1ff94bbe2
2026-06-01,2026-06-07,settled,7,7,0,0,10704.1975000001,1529.1710714286,-7918.5375,4905,4960,0.9889112903,76b68e8db037c240cf50ccb9315b72d9a4a356fbe59f7ff04cf61eac877f5aab
2026-06-08,2026-06-14,settled,7,7,0,0,10900.5925,1557.2275,-10819.5775,4245,4947,0.8580958156,f7bc4c1ad7e153c00422a47814d4e19916c6c790af6e4ad80bda9d8b362f4fad
2026-06-15,2026-06-21,settled,7,7,0,0,26251.8925,3750.2703571429,-6601.065,5488,5600,0.98,6f0563c6019ca18a72abb9281530f0af8d95c232b93d6fc5caa91377350aff28
2026-06-22,2026-06-28,settled,7,7,0,0,12785.1325,1826.4475,-3405.8625,5441,5570,0.9768402154,bdfa022763131152743c417c13788fe753bba24c766023e0a66e99c049a39e15
2026-06-29,2026-07-05,settled,7,7,0,0,44260.3574999999,6322.9082142857,3501.5825,5356,5600,0.9564285714,061bf5c85512255831b8bf0ab2eda608d0af91c3c69e04ab5ae9b4b75b8c4a53
2026-07-06,2026-07-12,settled,7,7,0,0,2258,322.5714285714,-7136.7225,5446,5600,0.9725,6b37fe59a10d40046c4b86e7c6c561b7fdc2b196118b2a4341c58aa324d9cdd1
2026-07-13,2026-07-19,settled,7,7,0,0,19695.2475,2813.6067857143,-1139.6725,5586,5600,0.9975,be60ff1fd178d68fa0449ba5bb0cbf4d3072ac15a0aedaa9991e6a50df6c5196
2026-07-20,2026-07-26,settled,7,7,0,0,17207.885,2458.2692857143,-9305.495,4263,4320,0.9868055556,d63e1e8d87f35f344df2d40ae0b16af16d230afe3801a2fba70343cb9c74adea
2026-07-27,2026-08-02,settled,7,7,0,0,15460.485,2208.6407142857,-14451.2825,4845,4960,0.9768145161,98f4ff48d84aaf8740e61e2714557695eeaa7fdf309f81665ff454b4fca34f6b
2026-08-03,2026-08-09,settled,7,7,0,0,-20444.7425,-2920.6775,-14779.6625,5600,5600,1,fc95f62281386ee1e34bfe781882b970e56a08aa09dd3961622393e63b1a78ae
2026-08-10,2026-08-16,settled,7,7,0,0,8289.0125,1184.1446428571,-12766.5425,5565,5600,0.99375,7e5d003556d48b6ab9dfab751b48a60376fb292b9ad8bbf1901b13187f0438e9
2026-08-17,2026-08-23,settled,7,7,0,0,20311.5025,2901.6432142857,-1032.0925,3659,3680,0.9942934783,ad14b40af01d28386c20232d536712932c233ea4147ad7993d20112ec4efd243
2026-08-24,2026-08-30,settled,7,7,0,0,41485.3325000001,5926.4760714286,-306.955,4952,4960,0.9983870968,be4dcade4e34908d7acf4a74ef9c89dd29b05a77c770a8dad227e09d1893397a
2026-08-31,2026-09-06,settled,7,7,0,0,18167.735,2595.3907142857,-3815.9525,5600,5600,1,aa99853b57b116db965d13e4404bcc44f6ce0244e24147bbc41f0bf90def0a78
2026-09-07,2026-09-09,settled,3,3,0,0,8340.2875,2780.0958333333,1172.5825,2400,2400,1,825659b519d38ddcf0c9d7beee4c748c6f0a96c08b28bfa260f02796e7adc6f0
